<?xml version="1.0" encoding="UTF-8"?>
<report version="1.0" kind="exception">
  <system description="Linux 4.15.0-99-generic x86_64"/>
  <modules>
    <module path="/tmp/.mount_xLight3nfgq2/usr/bin/xLights" address="0x55adca950000" size="0x1d50000"/>
    <module path="/tmp/.mount_xLight3nfgq2/usr/bin/xLights" address="0x55adcc93f000" size="0x16b000"/>
    <module path="/tmp/.mount_xLight3nfgq2/usr/bin/xLights" address="0x55adccace000" size="0x118000"/>
    <module path="/i915" address="0x7f6bd9fff000" size="0x7000000"/>
    <module path="/home/techplex/vamp/qm-vamp-plugins.so" address="0x7f6bfc040000" size="0x1e3000" version="plugins"/>
    <module path="/home/techplex/vamp/qm-vamp-plugins.so" address="0x7f6bfc423000" size="0x4000" version="plugins"/>
    <module path="/i915" address="0x7f6bfc487000" size="0x10000"/>
    <module path="/i915" address="0x7f6c04005000" size="0x10000"/>
    <module path="/i915" address="0x7f6c04036000" size="0x8000"/>
    <module path="/i915" address="0x7f6c04256000" size="0x1000"/>
    <module path="/i915" address="0x7f6c04258000" size="0x1000"/>
    <module path="/i915" address="0x7f6c0425a000" size="0x1000"/>
    <module path="/i915" address="0x7f6c04275000" size="0x8000"/>
    <module path="/i915" address="0x7f6c0428d000" size="0x4000"/>
    <module path="/i915" address="0x7f6c0429b000" size="0x4000"/>
    <module path="/memfd:xshmfence" address="0x7f6c042a9000" size="0x1000"/>
    <module path="/i915" address="0x7f6c042bb000" size="0x10000"/>
    <module path="/i915" address="0x7f6c042d1000" size="0x8000"/>
    <module path="/i915" address="0x7f6c042dd000" size="0xa000"/>
    <module path="/i915" address="0x7f6c042f1000" size="0x10000"/>
    <module path="/i915" address="0x7f6c04303000" size="0x1000"/>
    <module path="/i915" address="0x7f6c04307000" size="0x1000"/>
    <module path="/i915" address="0x7f6c04309000" size="0x1000"/>
    <module path="/memfd:xshmfence" address="0x7f6c0430b000" size="0x1000"/>
    <module path="/i915" address="0x7f6c04313000" size="0x4000"/>
    <module path="/i915" address="0x7f6c04321000" size="0xa000"/>
    <module path="/i915" address="0x7f6c04333000" size="0x8000"/>
    <module path="/i915" address="0x7f6c04343000" size="0x8000"/>
    <module path="/i915" address="0x7f6c04353000" size="0x8000"/>
    <module path="/i915" address="0x7f6c04363000" size="0x8000"/>
    <module path="/i915" address="0x7f6c04373000" size="0x8000"/>
    <module path="/i915" address="0x7f6c04383000" size="0x8000"/>
    <module path="/i915" address="0x7f6c04393000" size="0x8000"/>
    <module path="/i915" address="0x7f6c043a3000" size="0x8000"/>
    <module path="/i915" address="0x7f6c043b3000" size="0x8000"/>
    <module path="/i915" address="0x7f6c043c3000" size="0x8000"/>
    <module path="/usr/lib/x86_64-linux-gnu/gio/modules/libdconfsettings.so" address="0x7f6c043d3000" size="0xc000" version="gnu/gio/modules/libdconfsettings"/>
    <module path="/usr/lib/x86_64-linux-gnu/gio/modules/libdconfsettings.so" address="0x7f6c045de000" size="0x1000" version="gnu/gio/modules/libdconfsettings"/>
    <module path="/usr/lib/x86_64-linux-gnu/gio/modules/libgioremote-volume-monitor.so" address="0x7f6c045e0000" size="0x1a000" version="monitor"/>
    <module path="/usr/lib/x86_64-linux-gnu/gio/modules/libgioremote-volume-monitor.so" address="0x7f6c047f9000" size="0x3000" version="monitor"/>
    <module path="/SYSV00000000" address="0x7f6c04ffe000" size="0x2000000"/>
    <module path="/i915" address="0x7f6c14000000" size="0x4000"/>
    <module path="/i915" address="0x7f6c1400c000" size="0x8000"/>
    <module path="/i915" address="0x7f6c1401c000" size="0x8000"/>
    <module path="/i915" address="0x7f6c1402c000" size="0x8000"/>
    <module path="/i915" address="0x7f6c1403c000" size="0x8000"/>
    <module path="/i915" address="0x7f6c1404c000" size="0x8000"/>
    <module path="/i915" address="0x7f6c1405c000" size="0x8000"/>
    <module path="/i915" address="0x7f6c1406c000" size="0x8000"/>
    <module path="/i915" address="0x7f6c1407c000" size="0x8000"/>
    <module path="/i915" address="0x7f6c1408c000" size="0x8000"/>
    <module path="/i915" address="0x7f6c1409c000" size="0x8000"/>
    <module path="/i915" address="0x7f6c140ac000" size="0x8000"/>
    <module path="/i915" address="0x7f6c140bc000" size="0x8000"/>
    <module path="/i915" address="0x7f6c140cc000" size="0x8000"/>
    <module path="/i915" address="0x7f6c140dc000" size="0x8000"/>
    <module path="/i915" address="0x7f6c140ec000" size="0x8000"/>
    <module path="/i915" address="0x7f6c140fc000" size="0x4000"/>
    <module path="/i915" address="0x7f6c1410a000" size="0xa000"/>
    <module path="/i915" address="0x7f6c1411c000" size="0x10000"/>
    <module path="/lib/x86_64-linux-gnu/libnss_dns-2.27.so" address="0x7f6c14131000" size="0x200000" version="2.27"/>
    <module path="/lib/x86_64-linux-gnu/libnss_dns-2.27.so" address="0x7f6c14332000" size="0x1000" version="2.27"/>
    <module path="/lib/x86_64-linux-gnu/libnss_mdns4_minimal.so.2" address="0x7f6c14335000" size="0x1ff000" version="2"/>
    <module path="/lib/x86_64-linux-gnu/libnss_mdns4_minimal.so.2" address="0x7f6c14535000" size="0x1000" version="2"/>
    <module path="/usr/share/fonts/truetype/dejavu/DejaVuSans.ttf" address="0x7f6c1579b000" size="0xb9000"/>
    <module path="/i915" address="0x7f6c15856000" size="0x4000"/>
    <module path="/usr/share/fonts/truetype/dejavu/DejaVuSans-Bold.ttf" address="0x7f6c158a8000" size="0xad000"/>
    <module path="/usr/share/fonts/truetype/ancient-scripts/Symbola_hint.ttf" address="0x7f6c160b8000" size="0x305000"/>
    <module path="/home/techplex/.cache/mesa_shader_cache/index" address="0x7f6c16c12000" size="0x141000"/>
    <module path="/usr/lib/x86_64-linux-gnu/libpciaccess.so.0.11.1" address="0x7f6c16d5b000" size="0x1ff000" version="0.11.1"/>
    <module path="/usr/lib/x86_64-linux-gnu/libpciaccess.so.0.11.1" address="0x7f6c16f5b000" size="0x1000" version="0.11.1"/>
    <module path="/usr/lib/x86_64-linux-gnu/libdrm_nouveau.so.2.0.0" address="0x7f6c16f63000" size="0x1ff000" version="2.0.0"/>
    <module path="/usr/lib/x86_64-linux-gnu/libdrm_nouveau.so.2.0.0" address="0x7f6c17163000" size="0x1000" version="2.0.0"/>
    <module path="/usr/lib/x86_64-linux-gnu/dri/i965_dri.so" address="0x7f6c17c51000" size="0x200000" version="gnu/dri/i965_dri"/>
    <module path="/usr/lib/x86_64-linux-gnu/dri/i965_dri.so" address="0x7f6c17ee6000" size="0x47000" version="gnu/dri/i965_dri"/>
    <module path="/memfd:xshmfence" address="0x7f6c28001000" size="0x1000"/>
    <module path="/memfd:xshmfence" address="0x7f6c28006000" size="0x1000"/>
    <module path="/i915" address="0x7f6c28010000" size="0xa000"/>
    <module path="/i915" address="0x7f6c28024000" size="0xa000"/>
    <module path="/i915" address="0x7f6c28030000" size="0x1000"/>
    <module path="/memfd:xshmfence" address="0x7f6c28032000" size="0x1000"/>
    <module path="/usr/lib/x86_64-linux-gnu/libdrm_radeon.so.1.0.1" address="0x7f6c28043000" size="0xb000" version="1.0.1"/>
    <module path="/usr/lib/x86_64-linux-gnu/libdrm_radeon.so.1.0.1" address="0x7f6c2824d000" size="0x1000" version="1.0.1"/>
    <module path="/usr/lib/x86_64-linux-gnu/libdrm_intel.so.1.0.0" address="0x7f6c2824f000" size="0x22000" version="1.0.0"/>
    <module path="/usr/lib/x86_64-linux-gnu/libdrm_intel.so.1.0.0" address="0x7f6c28470000" size="0x1000" version="1.0.0"/>
    <module path="/usr/lib/x86_64-linux-gnu/libxshmfence.so.1.0.0" address="0x7f6c28472000" size="0x1000" version="1.0.0"/>
    <module path="/usr/lib/x86_64-linux-gnu/libxshmfence.so.1.0.0" address="0x7f6c28672000" size="0x1000" version="1.0.0"/>
    <module path="/usr/lib/x86_64-linux-gnu/libxcb-sync.so.1.0.0" address="0x7f6c28674000" size="0x5000" version="1.0.0"/>
    <module path="/usr/lib/x86_64-linux-gnu/libxcb-sync.so.1.0.0" address="0x7f6c28879000" size="0x1000" version="1.0.0"/>
    <module path="/usr/lib/x86_64-linux-gnu/libxcb-present.so.0.0.0" address="0x7f6c2887b000" size="0x2000" version="0.0.0"/>
    <module path="/usr/lib/x86_64-linux-gnu/libxcb-present.so.0.0.0" address="0x7f6c28a7c000" size="0x1000" version="0.0.0"/>
    <module path="/usr/lib/x86_64-linux-gnu/libxcb-dri3.so.0.0.0" address="0x7f6c28a7e000" size="0x3000" version="0.0.0"/>
    <module path="/usr/lib/x86_64-linux-gnu/libxcb-dri3.so.0.0.0" address="0x7f6c28c80000" size="0x1000" version="0.0.0"/>
    <module path="/usr/lib/x86_64-linux-gnu/libxcb-dri2.so.0.0.0" address="0x7f6c28c82000" size="0x4000" version="0.0.0"/>
    <module path="/usr/lib/x86_64-linux-gnu/libxcb-dri2.so.0.0.0" address="0x7f6c28e85000" size="0x1000" version="0.0.0"/>
    <module path="/usr/lib/x86_64-linux-gnu/libxcb-glx.so.0.0.0" address="0x7f6c28e87000" size="0x18000" version="0.0.0"/>
    <module path="/usr/lib/x86_64-linux-gnu/libxcb-glx.so.0.0.0" address="0x7f6c2909f000" size="0x2000" version="0.0.0"/>
    <module path="/usr/lib/x86_64-linux-gnu/libglapi.so.0.0.0" address="0x7f6c290a2000" size="0x2f000" version="0.0.0"/>
    <module path="/usr/lib/x86_64-linux-gnu/libglapi.so.0.0.0" address="0x7f6c292d1000" size="0x4000" version="0.0.0"/>
    <module path="/usr/lib/x86_64-linux-gnu/libGLX_mesa.so.0.0.0" address="0x7f6c292d7000" size="0x73000" version="0.0.0"/>
    <module path="/usr/lib/x86_64-linux-gnu/libGLX_mesa.so.0.0.0" address="0x7f6c2954a000" size="0x3000" version="0.0.0"/>
    <module path="/usr/lib/x86_64-linux-gnu/libcroco-0.6.so.3.0.1" address="0x7f6c2954f000" size="0x37000" version="3.0.1"/>
    <module path="/usr/lib/x86_64-linux-gnu/libcroco-0.6.so.3.0.1" address="0x7f6c29786000" size="0x3000" version="3.0.1"/>
    <module path="/usr/lib/x86_64-linux-gnu/librsvg-2.so.2.40.20" address="0x7f6c2978a000" size="0x36000" version="2.40.20"/>
    <module path="/usr/lib/x86_64-linux-gnu/librsvg-2.so.2.40.20" address="0x7f6c299c0000" size="0x1000" version="2.40.20"/>
    <module path="/i915" address="0x7f6c299c2000" size="0x4000"/>
    <module path="/i915" address="0x7f6c299ce000" size="0x10000"/>
    <module path="/memfd:xshmfence" address="0x7f6c299e2000" size="0x1000"/>
    <module path="/i915" address="0x7f6c299e5000" size="0x2000"/>
    <module path="/i915" address="0x7f6c299e8000" size="0x4000"/>
    <module path="/i915" address="0x7f6c299f0000" size="0x8000"/>
    <module path="/usr/lib/x86_64-linux-gnu/gdk-pixbuf-2.0/2.10.0/loaders/libpixbufloader-svg.so" address="0x7f6c299fa000" size="0x1ff000" version="svg"/>
    <module path="/usr/lib/x86_64-linux-gnu/gdk-pixbuf-2.0/2.10.0/loaders/libpixbufloader-svg.so" address="0x7f6c29bfa000" size="0x1000" version="svg"/>
    <module path="/usr/lib/x86_64-linux-gnu/gdk-pixbuf-2.0/2.10.0/loaders/libpixbufloader-png.so" address="0x7f6c29c6b000" size="0x5000" version="png"/>
    <module path="/usr/lib/x86_64-linux-gnu/gdk-pixbuf-2.0/2.10.0/loaders/libpixbufloader-png.so" address="0x7f6c29e6f000" size="0x1000" version="png"/>
    <module path="/usr/share/mime/mime.cache" address="0x7f6c29e71000" size="0x26000"/>
    <module path="/usr/share/fonts/truetype/noto/NotoSans-Regular.ttf" address="0x7f6c29ef1000" size="0x70000"/>
    <module path="/lib/x86_64-linux-gnu/libnss_systemd.so.2" address="0x7f6c29f9c000" size="0x1ff000" version="2"/>
    <module path="/lib/x86_64-linux-gnu/libnss_systemd.so.2" address="0x7f6c2a19e000" size="0x1000" version="2"/>
    <module path="/lib/x86_64-linux-gnu/libnss_files-2.27.so" address="0x7f6c2a1aa000" size="0x1ff000" version="2.27"/>
    <module path="/lib/x86_64-linux-gnu/libnss_files-2.27.so" address="0x7f6c2a3aa000" size="0x1000" version="2.27"/>
    <module path="/lib/x86_64-linux-gnu/libnss_nis-2.27.so" address="0x7f6c2a3b1000" size="0xb000" version="2.27"/>
    <module path="/lib/x86_64-linux-gnu/libnss_nis-2.27.so" address="0x7f6c2a5bb000" size="0x1000" version="2.27"/>
    <module path="/lib/x86_64-linux-gnu/libnss_compat-2.27.so" address="0x7f6c2a5bd000" size="0x8000" version="2.27"/>
    <module path="/lib/x86_64-linux-gnu/libnss_compat-2.27.so" address="0x7f6c2a7c5000" size="0x1000" version="2.27"/>
    <module path="/memfd:xshmfence" address="0x7f6c2a7c7000" size="0x1000"/>
    <module path="/i915" address="0x7f6c2a7ca000" size="0x4000"/>
    <module path="/i915" address="0x7f6c2a7d8000" size="0x8000"/>
    <module path="/run/user/1000/dconf/user" address="0x7f6c2a7e1000" size="0x1000"/>
    <module path="/usr/share/icons/Adwaita/icon-theme.cache" address="0x7f6c2a7ea000" size="0x9000"/>
    <module path="/memfd:pulseaudio" address="0x7f6c2c000000" size="0x4000000"/>
    <module path="/memfd:pulseaudio" address="0x7f6c34000000" size="0x4000000"/>
    <module path="/i915" address="0x7f6c40000000" size="0x4000"/>
    <module path="/home/techplex/.local/share/mime/mime.cache" address="0x7f6c40005000" size="0x1000"/>
    <module path="/usr/share/icons/gnome/icon-theme.cache" address="0x7f6c40007000" size="0x1c000"/>
    <module path="/var/cache/fontconfig/945677eb7aeaf62f1d50efc3fb3ec7d8-le64.cache-7" address="0x7f6c40223000" size="0xb000"/>
    <module path="/var/cache/fontconfig/2300eef321c393bfd76478a5c0e95b23-le64.cache-7" address="0x7f6c40230000" size="0x5000"/>
    <module path="/var/cache/fontconfig/de156ccd2eddbdc19d37a45b8b2aac9c-le64.cache-7" address="0x7f6c40236000" size="0x4000"/>
    <module path="/var/cache/fontconfig/1ac9eb803944fde146138c791f5cc56a-le64.cache-7" address="0x7f6c4024f000" size="0x1000"/>
    <module path="/var/cache/fontconfig/dc05db6664285cc2f12bf69c139ae4c3-le64.cache-7" address="0x7f6c40254000" size="0x1000"/>
    <module path="/var/cache/fontconfig/660208299946a285a940457d1287da33-le64.cache-7" address="0x7f6c40257000" size="0x1000"/>
    <module path="/var/cache/fontconfig/0bd3dc0958fa2205aaaa8ebb13e2872b-le64.cache-7" address="0x7f6c4025a000" size="0x4c000"/>
    <module path="/usr/lib/x86_64-linux-gnu/gvfs/libgvfscommon.so" address="0x7f6c402ad000" size="0x36000" version="gnu/gvfs/libgvfscommon"/>
    <module path="/usr/lib/x86_64-linux-gnu/gvfs/libgvfscommon.so" address="0x7f6c404e3000" size="0x6000" version="gnu/gvfs/libgvfscommon"/>
    <module path="/usr/lib/x86_64-linux-gnu/gio/modules/libgvfsdbus.so" address="0x7f6c404ea000" size="0x31000" version="gnu/gio/modules/libgvfsdbus"/>
    <module path="/usr/lib/x86_64-linux-gnu/gio/modules/libgvfsdbus.so" address="0x7f6c4071b000" size="0x2000" version="gnu/gio/modules/libgvfsdbus"/>
    <module path="/memfd:pulseaudio" address="0x7f6c4071e000" size="0x4000000"/>
    <module path="/memfd:pulseaudio" address="0x7f6c4871e000" size="0x4000000"/>
    <module path="/usr/lib/x86_64-linux-gnu/gconv/UTF-32.so" address="0x7f6c50f1f000" size="0x2000" version="32"/>
    <module path="/usr/lib/x86_64-linux-gnu/gconv/UTF-32.so" address="0x7f6c51121000" size="0x1000" version="32"/>
    <module path="/usr/lib/locale/locale-archive" address="0x7f6c51123000" size="0x2de000"/>
    <module path="/tmp/.mount_xLight3nfgq2/usr/lib/libFLAC.so.8" address="0x7f6c51476000" size="0x200000" version="8"/>
    <module path="/tmp/.mount_xLight3nfgq2/usr/lib/libFLAC.so.8" address="0x7f6c51677000" size="0x1000" version="8"/>
    <module path="/tmp/.mount_xLight3nfgq2/usr/lib/liblz4.so.1" address="0x7f6c5167c000" size="0x11000" version="1"/>
    <module path="/tmp/.mount_xLight3nfgq2/usr/lib/liblz4.so.1" address="0x7f6c5188c000" size="0x1000" version="1"/>
    <module path="/tmp/.mount_xLight3nfgq2/usr/lib/liblz4.so.1" address="0x7f6c5188e000" size="0x1000" version="1"/>
    <module path="/usr/lib/x86_64-linux-gnu/libgraphite2.so.3.0.1" address="0x7f6c518ba000" size="0x1ff000" version="3.0.1"/>
    <module path="/usr/lib/x86_64-linux-gnu/libgraphite2.so.3.0.1" address="0x7f6c51abb000" size="0x1000" version="3.0.1"/>
    <module path="/lib/x86_64-linux-gnu/libblkid.so.1.1.0" address="0x7f6c51b03000" size="0x200000" version="1.1.0"/>
    <module path="/lib/x86_64-linux-gnu/libblkid.so.1.1.0" address="0x7f6c51d07000" size="0x1000" version="1.1.0"/>
    <module path="/usr/lib/x86_64-linux-gnu/libdatrie.so.1.3.3" address="0x7f6c51d09000" size="0x6000" version="1.3.3"/>
    <module path="/usr/lib/x86_64-linux-gnu/libdatrie.so.1.3.3" address="0x7f6c51f0e000" size="0x1000" version="1.3.3"/>
    <module path="/tmp/.mount_xLight3nfgq2/usr/lib/libatspi.so.0" address="0x7f6c51f10000" size="0x2d000" version="0"/>
    <module path="/tmp/.mount_xLight3nfgq2/usr/lib/libatspi.so.0" address="0x7f6c5213d000" size="0x3000" version="0"/>
    <module path="/tmp/.mount_xLight3nfgq2/usr/lib/libatspi.so.0" address="0x7f6c52141000" size="0x5000" version="0"/>
    <module path="/tmp/.mount_xLight3nfgq2/usr/lib/libasyncns.so.0" address="0x7f6c5214b000" size="0x1ff000" version="0"/>
    <module path="/tmp/.mount_xLight3nfgq2/usr/lib/libasyncns.so.0" address="0x7f6c5234b000" size="0x1000" version="0"/>
    <module path="/tmp/.mount_xLight3nfgq2/usr/lib/libsndfile.so.1" address="0x7f6c5234d000" size="0x73000" version="1"/>
    <module path="/tmp/.mount_xLight3nfgq2/usr/lib/libsndfile.so.1" address="0x7f6c525bf000" size="0x3000" version="1"/>
    <module path="/tmp/.mount_xLight3nfgq2/usr/lib/libsndfile.so.1" address="0x7f6c525c5000" size="0x2000" version="1"/>
    <module path="/tmp/.mount_xLight3nfgq2/usr/lib/libwrap.so.0" address="0x7f6c525cf000" size="0x200000" version="0"/>
    <module path="/tmp/.mount_xLight3nfgq2/usr/lib/libwrap.so.0" address="0x7f6c527d0000" size="0x1000" version="0"/>
    <module path="/tmp/.mount_xLight3nfgq2/usr/lib/libX11-xcb.so.1" address="0x7f6c527d2000" size="0x1000" version="1"/>
    <module path="/tmp/.mount_xLight3nfgq2/usr/lib/libX11-xcb.so.1" address="0x7f6c529d2000" size="0x1000" version="1"/>
    <module path="/tmp/.mount_xLight3nfgq2/usr/lib/libX11-xcb.so.1" address="0x7f6c529d4000" size="0x1000" version="1"/>
    <module path="/tmp/.mount_xLight3nfgq2/usr/lib/libicudata.so.57" address="0x7f6c54251000" size="0x1ff000" version="57"/>
    <module path="/tmp/.mount_xLight3nfgq2/usr/lib/libicudata.so.57" address="0x7f6c54451000" size="0x1000" version="57"/>
    <module path="/tmp/.mount_xLight3nfgq2/usr/lib/libicuuc.so.57" address="0x7f6c54453000" size="0x194000" version="57"/>
    <module path="/tmp/.mount_xLight3nfgq2/usr/lib/libicuuc.so.57" address="0x7f6c547e6000" size="0x12000" version="57"/>
    <module path="/tmp/.mount_xLight3nfgq2/usr/lib/libicuuc.so.57" address="0x7f6c547fb000" size="0x21000" version="57"/>
    <module path="/tmp/.mount_xLight3nfgq2/usr/lib/libicui18n.so.57" address="0x7f6c54a87000" size="0x200000" version="57"/>
    <module path="/tmp/.mount_xLight3nfgq2/usr/lib/libicui18n.so.57" address="0x7f6c54c94000" size="0x2000" version="57"/>
    <module path="/tmp/.mount_xLight3nfgq2/usr/lib/libicui18n.so.57" address="0x7f6c54c97000" size="0x5f000" version="57"/>
    <module path="/lib/x86_64-linux-gnu/libgpg-error.so.0.22.0" address="0x7f6c54d0a000" size="0x1ff000" version="0.22.0"/>
    <module path="/lib/x86_64-linux-gnu/libgpg-error.so.0.22.0" address="0x7f6c54f0a000" size="0x1000" version="0.22.0"/>
    <module path="/usr/lib/x86_64-linux-gnu/libharfbuzz.so.0.10702.0" address="0x7f6c54fa7000" size="0x200000" version="0.10702.0"/>
    <module path="/usr/lib/x86_64-linux-gnu/libharfbuzz.so.0.10702.0" address="0x7f6c551a8000" size="0x1000" version="0.10702.0"/>
    <module path="/lib/x86_64-linux-gnu/libuuid.so.1.3.0" address="0x7f6c551af000" size="0x1ff000" version="1.3.0"/>
    <module path="/lib/x86_64-linux-gnu/libuuid.so.1.3.0" address="0x7f6c553af000" size="0x1000" version="1.3.0"/>
    <module path="/usr/lib/x86_64-linux-gnu/libICE.so.6.3.0" address="0x7f6c553c7000" size="0x1ff000" version="6.3.0"/>
    <module path="/usr/lib/x86_64-linux-gnu/libICE.so.6.3.0" address="0x7f6c555c7000" size="0x1000" version="6.3.0"/>
    <module path="/lib/x86_64-linux-gnu/libmount.so.1.1.0" address="0x7f6c555cb000" size="0x51000" version="1.1.0"/>
    <module path="/lib/x86_64-linux-gnu/libmount.so.1.1.0" address="0x7f6c5581b000" size="0x2000" version="1.1.0"/>
    <module path="/lib/x86_64-linux-gnu/libselinux.so.1" address="0x7f6c5581f000" size="0x25000" version="1"/>
    <module path="/lib/x86_64-linux-gnu/libselinux.so.1" address="0x7f6c55a43000" size="0x1000" version="1"/>
    <module path="/tmp/.mount_xLight3nfgq2/usr/lib/libxcb-render.so.0" address="0x7f6c55a47000" size="0xc000" version="0"/>
    <module path="/tmp/.mount_xLight3nfgq2/usr/lib/libxcb-render.so.0" address="0x7f6c55c53000" size="0x1000" version="0"/>
    <module path="/tmp/.mount_xLight3nfgq2/usr/lib/libxcb-render.so.0" address="0x7f6c55c55000" size="0x3000" version="0"/>
    <module path="/tmp/.mount_xLight3nfgq2/usr/lib/libxcb-shm.so.0" address="0x7f6c55c5a000" size="0x200000" version="0"/>
    <module path="/tmp/.mount_xLight3nfgq2/usr/lib/libxcb-shm.so.0" address="0x7f6c55e5b000" size="0x1000" version="0"/>
    <module path="/tmp/.mount_xLight3nfgq2/usr/lib/libpixman-1.so.0" address="0x7f6c55e5d000" size="0x9e000" version="0"/>
    <module path="/tmp/.mount_xLight3nfgq2/usr/lib/libpixman-1.so.0" address="0x7f6c560fb000" size="0x8000" version="0"/>
    <module path="/tmp/.mount_xLight3nfgq2/usr/lib/libpixman-1.so.0" address="0x7f6c56104000" size="0x2000" version="0"/>
    <module path="/usr/lib/x86_64-linux-gnu/libthai.so.0.3.0" address="0x7f6c5610e000" size="0x1ff000" version="0.3.0"/>
    <module path="/usr/lib/x86_64-linux-gnu/libthai.so.0.3.0" address="0x7f6c5630e000" size="0x1000" version="0.3.0"/>
    <module path="/tmp/.mount_xLight3nfgq2/usr/lib/libepoxy.so.0" address="0x7f6c563f8000" size="0x1ff000" version="0"/>
    <module path="/tmp/.mount_xLight3nfgq2/usr/lib/libepoxy.so.0" address="0x7f6c565fe000" size="0x7000" version="0"/>
    <module path="/tmp/.mount_xLight3nfgq2/usr/lib/libatk-bridge-2.0.so.0" address="0x7f6c5661c000" size="0x2d000" version="0"/>
    <module path="/tmp/.mount_xLight3nfgq2/usr/lib/libatk-bridge-2.0.so.0" address="0x7f6c56848000" size="0x1000" version="0"/>
    <module path="/tmp/.mount_xLight3nfgq2/usr/lib/libatk-bridge-2.0.so.0" address="0x7f6c5684b000" size="0x3000" version="0"/>
    <module path="/tmp/.mount_xLight3nfgq2/usr/lib/libXdamage.so.1" address="0x7f6c56850000" size="0x1ff000" version="1"/>
    <module path="/tmp/.mount_xLight3nfgq2/usr/lib/libXdamage.so.1" address="0x7f6c56a50000" size="0x1000" version="1"/>
    <module path="/tmp/.mount_xLight3nfgq2/usr/lib/libXcomposite.so.1" address="0x7f6c56a52000" size="0x2000" version="1"/>
    <module path="/tmp/.mount_xLight3nfgq2/usr/lib/libXcomposite.so.1" address="0x7f6c56c53000" size="0x1000" version="1"/>
    <module path="/tmp/.mount_xLight3nfgq2/usr/lib/libXcomposite.so.1" address="0x7f6c56c55000" size="0x1000" version="1"/>
    <module path="/tmp/.mount_xLight3nfgq2/usr/lib/libXrender.so.1" address="0x7f6c56c5f000" size="0x1ff000" version="1"/>
    <module path="/tmp/.mount_xLight3nfgq2/usr/lib/libXrender.so.1" address="0x7f6c56e5f000" size="0x1000" version="1"/>
    <module path="/tmp/.mount_xLight3nfgq2/usr/lib/libbsd.so.0" address="0x7f6c56e61000" size="0x13000" version="0"/>
    <module path="/tmp/.mount_xLight3nfgq2/usr/lib/libbsd.so.0" address="0x7f6c57074000" size="0x1000" version="0"/>
    <module path="/tmp/.mount_xLight3nfgq2/usr/lib/libbsd.so.0" address="0x7f6c57077000" size="0x1000" version="0"/>
    <module path="/tmp/.mount_xLight3nfgq2/usr/lib/libdbus-1.so.3" address="0x7f6c570c5000" size="0x200000" version="3"/>
    <module path="/tmp/.mount_xLight3nfgq2/usr/lib/libdbus-1.so.3" address="0x7f6c572c7000" size="0x1000" version="3"/>
    <module path="/tmp/.mount_xLight3nfgq2/usr/lib/libcap.so.2" address="0x7f6c572cc000" size="0x4000" version="2"/>
    <module path="/tmp/.mount_xLight3nfgq2/usr/lib/libcap.so.2" address="0x7f6c574d0000" size="0x1000" version="2"/>
    <module path="/tmp/.mount_xLight3nfgq2/usr/lib/libcap.so.2" address="0x7f6c574d2000" size="0x1000" version="2"/>
    <module path="/tmp/.mount_xLight3nfgq2/usr/lib/libpulsecommon-10.0.so" address="0x7f6c57553000" size="0x200000" version="10.0"/>
    <module path="/tmp/.mount_xLight3nfgq2/usr/lib/libpulsecommon-10.0.so" address="0x7f6c57755000" size="0x1000" version="10.0"/>
    <module path="/tmp/.mount_xLight3nfgq2/usr/lib/libgomp.so.1" address="0x7f6c5775c000" size="0x2c000" version="1"/>
    <module path="/tmp/.mount_xLight3nfgq2/usr/lib/libgomp.so.1" address="0x7f6c57987000" size="0x1000" version="1"/>
    <module path="/tmp/.mount_xLight3nfgq2/usr/lib/libgomp.so.1" address="0x7f6c57989000" size="0x3000" version="1"/>
    <module path="/tmp/.mount_xLight3nfgq2/usr/lib/libXfixes.so.3" address="0x7f6c57991000" size="0x1ff000" version="3"/>
    <module path="/tmp/.mount_xLight3nfgq2/usr/lib/libXfixes.so.3" address="0x7f6c57b91000" size="0x1000" version="3"/>
    <module path="/usr/lib/x86_64-linux-gnu/libdrm.so.2.4.0" address="0x7f6c57b93000" size="0x10000" version="2.4.0"/>
    <module path="/usr/lib/x86_64-linux-gnu/libdrm.so.2.4.0" address="0x7f6c57da2000" size="0x1000" version="2.4.0"/>
    <module path="/tmp/.mount_xLight3nfgq2/usr/lib/libogg.so.0" address="0x7f6c57da4000" size="0x7000" version="0"/>
    <module path="/tmp/.mount_xLight3nfgq2/usr/lib/libogg.so.0" address="0x7f6c57fab000" size="0x1000" version="0"/>
    <module path="/tmp/.mount_xLight3nfgq2/usr/lib/libogg.so.0" address="0x7f6c57fad000" size="0x1000" version="0"/>
    <module path="/tmp/.mount_xLight3nfgq2/usr/lib/libnuma.so.1" address="0x7f6c57fb8000" size="0x1ff000" version="1"/>
    <module path="/tmp/.mount_xLight3nfgq2/usr/lib/libnuma.so.1" address="0x7f6c581b8000" size="0x1000" version="1"/>
    <module path="/tmp/.mount_xLight3nfgq2/usr/lib/libtasn1.so.6" address="0x7f6c581ba000" size="0x11000" version="6"/>
    <module path="/tmp/.mount_xLight3nfgq2/usr/lib/libtasn1.so.6" address="0x7f6c583cb000" size="0x1000" version="6"/>
    <module path="/tmp/.mount_xLight3nfgq2/usr/lib/libtasn1.so.6" address="0x7f6c583cd000" size="0x1000" version="6"/>
    <module path="/tmp/.mount_xLight3nfgq2/usr/lib/libidn.so.11" address="0x7f6c58400000" size="0x200000" version="11"/>
    <module path="/tmp/.mount_xLight3nfgq2/usr/lib/libidn.so.11" address="0x7f6c58601000" size="0x1000" version="11"/>
    <module path="/usr/lib/x86_64-linux-gnu/libp11-kit.so.0.3.0" address="0x7f6c58603000" size="0x11a000" version="0.3.0"/>
    <module path="/usr/lib/x86_64-linux-gnu/libp11-kit.so.0.3.0" address="0x7f6c5891d000" size="0xa000" version="0.3.0"/>
    <module path="/tmp/.mount_xLight3nfgq2/usr/lib/libxml2.so.2" address="0x7f6c58932000" size="0x1b0000" version="2"/>
    <module path="/tmp/.mount_xLight3nfgq2/usr/lib/libxml2.so.2" address="0x7f6c58ce2000" size="0x8000" version="2"/>
    <module path="/tmp/.mount_xLight3nfgq2/usr/lib/libxml2.so.2" address="0x7f6c58ced000" size="0xa000" version="2"/>
    <module path="/tmp/.mount_xLight3nfgq2/usr/lib/libvorbisfile.so.3" address="0x7f6c58cff000" size="0x1ff000" version="3"/>
    <module path="/tmp/.mount_xLight3nfgq2/usr/lib/libvorbisfile.so.3" address="0x7f6c58eff000" size="0x1000" version="3"/>
    <module path="/tmp/.mount_xLight3nfgq2/usr/lib/libmpg123.so.0" address="0x7f6c58f01000" size="0x4d000" version="0"/>
    <module path="/tmp/.mount_xLight3nfgq2/usr/lib/libmpg123.so.0" address="0x7f6c5914e000" size="0x1000" version="0"/>
    <module path="/tmp/.mount_xLight3nfgq2/usr/lib/libmpg123.so.0" address="0x7f6c59160000" size="0x1000" version="0"/>
    <module path="/tmp/.mount_xLight3nfgq2/usr/lib/libsasl2.so.2" address="0x7f6c5917b000" size="0x1ff000" version="2"/>
    <module path="/tmp/.mount_xLight3nfgq2/usr/lib/libsasl2.so.2" address="0x7f6c5937b000" size="0x1000" version="2"/>
    <module path="/lib/x86_64-linux-gnu/libresolv-2.27.so" address="0x7f6c5937d000" size="0x17000" version="2.27"/>
    <module path="/lib/x86_64-linux-gnu/libresolv-2.27.so" address="0x7f6c59594000" size="0x1000" version="2.27"/>
    <module path="/tmp/.mount_xLight3nfgq2/usr/lib/libkeyutils.so.1" address="0x7f6c59598000" size="0x3000" version="1"/>
    <module path="/tmp/.mount_xLight3nfgq2/usr/lib/libkeyutils.so.1" address="0x7f6c5979a000" size="0x1000" version="1"/>
    <module path="/tmp/.mount_xLight3nfgq2/usr/lib/libkeyutils.so.1" address="0x7f6c5979c000" size="0x1000" version="1"/>
    <module path="/tmp/.mount_xLight3nfgq2/usr/lib/libkrb5support.so.0" address="0x7f6c597a8000" size="0x1ff000" version="0"/>
    <module path="/tmp/.mount_xLight3nfgq2/usr/lib/libkrb5support.so.0" address="0x7f6c599a8000" size="0x1000" version="0"/>
    <module path="/tmp/.mount_xLight3nfgq2/usr/lib/libgcrypt.so.20" address="0x7f6c599aa000" size="0x107000" version="20"/>
    <module path="/tmp/.mount_xLight3nfgq2/usr/lib/libgcrypt.so.20" address="0x7f6c59cb1000" size="0x2000" version="20"/>
    <module path="/tmp/.mount_xLight3nfgq2/usr/lib/libgcrypt.so.20" address="0x7f6c59cba000" size="0x2000" version="20"/>
    <module path="/usr/lib/x86_64-linux-gnu/libgmp.so.10.3.2" address="0x7f6c59d3b000" size="0x200000" version="10.3.2"/>
    <module path="/usr/lib/x86_64-linux-gnu/libgmp.so.10.3.2" address="0x7f6c59f3c000" size="0x1000" version="10.3.2"/>
    <module path="/tmp/.mount_xLight3nfgq2/usr/lib/libnettle.so.6" address="0x7f6c59f72000" size="0x1ff000" version="6"/>
    <module path="/tmp/.mount_xLight3nfgq2/usr/lib/libnettle.so.6" address="0x7f6c5a173000" size="0x1000" version="6"/>
    <module path="/tmp/.mount_xLight3nfgq2/usr/lib/libhogweed.so.4" address="0x7f6c5a177000" size="0x33000" version="4"/>
    <module path="/tmp/.mount_xLight3nfgq2/usr/lib/libhogweed.so.4" address="0x7f6c5a3aa000" size="0x1000" version="4"/>
    <module path="/tmp/.mount_xLight3nfgq2/usr/lib/libhogweed.so.4" address="0x7f6c5a3ac000" size="0x3000" version="4"/>
    <module path="/tmp/.mount_xLight3nfgq2/usr/lib/libunistring.so.0" address="0x7f6c5a4c2000" size="0x1ff000" version="0"/>
    <module path="/tmp/.mount_xLight3nfgq2/usr/lib/libunistring.so.0" address="0x7f6c5a6c4000" size="0x1000" version="0"/>
    <module path="/tmp/.mount_xLight3nfgq2/usr/lib/libunistring.so.0" address="0x7f6c5a6c6000" size="0x4000" version="0"/>
    <module path="/usr/lib/x86_64-linux-gnu/libXdmcp.so.6.0.0" address="0x7f6c5a6cf000" size="0x1ff000" version="6.0.0"/>
    <module path="/usr/lib/x86_64-linux-gnu/libXdmcp.so.6.0.0" address="0x7f6c5a8cf000" size="0x1000" version="6.0.0"/>
    <module path="/usr/lib/x86_64-linux-gnu/libXau.so.6.0.0" address="0x7f6c5a8d2000" size="0x200000" version="6.0.0"/>
    <module path="/usr/lib/x86_64-linux-gnu/libXau.so.6.0.0" address="0x7f6c5aad3000" size="0x1000" version="6.0.0"/>
    <module path="/lib/x86_64-linux-gnu/libpcre.so.3.13.3" address="0x7f6c5ab44000" size="0x200000" version="3.13.3"/>
    <module path="/lib/x86_64-linux-gnu/libpcre.so.3.13.3" address="0x7f6c5ad45000" size="0x1000" version="3.13.3"/>
    <module path="/usr/lib/x86_64-linux-gnu/libffi.so.6.0.4" address="0x7f6c5ad4d000" size="0x1ff000" version="6.0.4"/>
    <module path="/usr/lib/x86_64-linux-gnu/libffi.so.6.0.4" address="0x7f6c5af4d000" size="0x1000" version="6.0.4"/>
    <module path="/tmp/.mount_xLight3nfgq2/usr/lib/libgmodule-2.0.so.0" address="0x7f6c5af51000" size="0x1ff000" version="0"/>
    <module path="/tmp/.mount_xLight3nfgq2/usr/lib/libgmodule-2.0.so.0" address="0x7f6c5b151000" size="0x1000" version="0"/>
    <module path="/tmp/.mount_xLight3nfgq2/usr/lib/liborc-0.4.so.0" address="0x7f6c5b153000" size="0x79000" version="0"/>
    <module path="/tmp/.mount_xLight3nfgq2/usr/lib/liborc-0.4.so.0" address="0x7f6c5b3cb000" size="0x2000" version="0"/>
    <module path="/tmp/.mount_xLight3nfgq2/usr/lib/liborc-0.4.so.0" address="0x7f6c5b3d1000" size="0x3000" version="0"/>
    <module path="/tmp/.mount_xLight3nfgq2/usr/lib/libpng16.so.16" address="0x7f6c5b405000" size="0x200000" version="16"/>
    <module path="/tmp/.mount_xLight3nfgq2/usr/lib/libpng16.so.16" address="0x7f6c5b606000" size="0x1000" version="16"/>
    <module path="/usr/lib/x86_64-linux-gnu/libfreetype.so.6.15.0" address="0x7f6c5b609000" size="0xad000" version="6.15.0"/>
    <module path="/usr/lib/x86_64-linux-gnu/libfreetype.so.6.15.0" address="0x7f6c5b8b5000" size="0x7000" version="6.15.0"/>
    <module path="/usr/lib/x86_64-linux-gnu/libfontconfig.so.1.10.1" address="0x7f6c5b8bd000" size="0x3e000" version="1.10.1"/>
    <module path="/usr/lib/x86_64-linux-gnu/libfontconfig.so.1.10.1" address="0x7f6c5bafb000" size="0x2000" version="1.10.1"/>
    <module path="/usr/lib/x86_64-linux-gnu/libpangoft2-1.0.so.0.4000.14" address="0x7f6c5bb02000" size="0x14000" version="0.4000.14"/>
    <module path="/usr/lib/x86_64-linux-gnu/libpangoft2-1.0.so.0.4000.14" address="0x7f6c5bd16000" size="0x1000" version="0.4000.14"/>
    <module path="/tmp/.mount_xLight3nfgq2/usr/lib/libXtst.so.6" address="0x7f6c5bd18000" size="0x5000" version="6"/>
    <module path="/tmp/.mount_xLight3nfgq2/usr/lib/libXtst.so.6" address="0x7f6c5bf1c000" size="0x1000" version="6"/>
    <module path="/tmp/.mount_xLight3nfgq2/usr/lib/libXtst.so.6" address="0x7f6c5bf1e000" size="0x1000" version="6"/>
    <module path="/usr/lib/x86_64-linux-gnu/libSM.so.6.0.1" address="0x7f6c5bf26000" size="0x1ff000" version="6.0.1"/>
    <module path="/usr/lib/x86_64-linux-gnu/libSM.so.6.0.1" address="0x7f6c5c126000" size="0x1000" version="6.0.1"/>
    <module path="/tmp/.mount_xLight3nfgq2/usr/lib/libgthread-2.0.so.0" address="0x7f6c5c128000" size="0x1ff000" version="0"/>
    <module path="/tmp/.mount_xLight3nfgq2/usr/lib/libgthread-2.0.so.0" address="0x7f6c5c328000" size="0x1000" version="0"/>
    <module path="/usr/lib/x86_64-linux-gnu/libgio-2.0.so.0.5600.4" address="0x7f6c5c32a000" size="0x195000" version="0.5600.4"/>
    <module path="/usr/lib/x86_64-linux-gnu/libgio-2.0.so.0.5600.4" address="0x7f6c5c6bf000" size="0x7000" version="0.5600.4"/>
    <module path="/usr/lib/x86_64-linux-gnu/libgdk_pixbuf-2.0.so.0.3611.0" address="0x7f6c5c6c9000" size="0x22000" version="0.3611.0"/>
    <module path="/usr/lib/x86_64-linux-gnu/libgdk_pixbuf-2.0.so.0.3611.0" address="0x7f6c5c8eb000" size="0x1000" version="0.3611.0"/>
    <module path="/tmp/.mount_xLight3nfgq2/usr/lib/libcairo.so.2" address="0x7f6c5c8ed000" size="0x10e000" version="2"/>
    <module path="/tmp/.mount_xLight3nfgq2/usr/lib/libcairo.so.2" address="0x7f6c5cbfb000" size="0x3000" version="2"/>
    <module path="/tmp/.mount_xLight3nfgq2/usr/lib/libcairo.so.2" address="0x7f6c5cc01000" size="0x5000" version="2"/>
    <module path="/tmp/.mount_xLight3nfgq2/usr/lib/libcairo-gobject.so.2" address="0x7f6c5cc0c000" size="0x200000" version="2"/>
    <module path="/tmp/.mount_xLight3nfgq2/usr/lib/libcairo-gobject.so.2" address="0x7f6c5ce0e000" size="0x1000" version="2"/>
    <module path="/tmp/.mount_xLight3nfgq2/usr/lib/libatk-1.0.so.0" address="0x7f6c5ce10000" size="0x23000" version="0"/>
    <module path="/tmp/.mount_xLight3nfgq2/usr/lib/libatk-1.0.so.0" address="0x7f6c5d032000" size="0x3000" version="0"/>
    <module path="/tmp/.mount_xLight3nfgq2/usr/lib/libatk-1.0.so.0" address="0x7f6c5d036000" size="0x3000" version="0"/>
    <module path="/usr/lib/x86_64-linux-gnu/libpango-1.0.so.0.4000.14" address="0x7f6c5d083000" size="0x1ff000" version="0.4000.14"/>
    <module path="/usr/lib/x86_64-linux-gnu/libpango-1.0.so.0.4000.14" address="0x7f6c5d285000" size="0x1000" version="0.4000.14"/>
    <module path="/usr/lib/x86_64-linux-gnu/libpangocairo-1.0.so.0.4000.14" address="0x7f6c5d292000" size="0x1ff000" version="0.4000.14"/>
    <module path="/usr/lib/x86_64-linux-gnu/libpangocairo-1.0.so.0.4000.14" address="0x7f6c5d492000" size="0x1000" version="0.4000.14"/>
    <module path="/tmp/.mount_xLight3nfgq2/usr/lib/libgdk-3.so.0" address="0x7f6c5d581000" size="0x1ff000" version="0"/>
    <module path="/tmp/.mount_xLight3nfgq2/usr/lib/libgdk-3.so.0" address="0x7f6c5d786000" size="0x3000" version="0"/>
    <module path="/tmp/.mount_xLight3nfgq2/usr/lib/libgdk-3.so.0" address="0x7f6c5d78a000" size="0xa000" version="0"/>
    <module path="/tmp/.mount_xLight3nfgq2/usr/lib/libgtk-3.so.0" address="0x7f6c5de94000" size="0x1ff000" version="0"/>
    <module path="/tmp/.mount_xLight3nfgq2/usr/lib/libgtk-3.so.0" address="0x7f6c5e09e000" size="0x7000" version="0"/>
    <module path="/tmp/.mount_xLight3nfgq2/usr/lib/libgtk-3.so.0" address="0x7f6c5e0aa000" size="0x2e000" version="0"/>
    <module path="/lib/x86_64-linux-gnu/librt-2.27.so" address="0x7f6c5e0df000" size="0x1ff000" version="2.27"/>
    <module path="/lib/x86_64-linux-gnu/librt-2.27.so" address="0x7f6c5e2df000" size="0x1000" version="2.27"/>
    <module path="/tmp/.mount_xLight3nfgq2/usr/lib/libxkbcommon.so.0" address="0x7f6c5e31e000" size="0x1ff000" version="0"/>
    <module path="/tmp/.mount_xLight3nfgq2/usr/lib/libxkbcommon.so.0" address="0x7f6c5e51f000" size="0x1000" version="0"/>
    <module path="/tmp/.mount_xLight3nfgq2/usr/lib/libwayland-cursor.so.0" address="0x7f6c5e521000" size="0x4000" version="0"/>
    <module path="/tmp/.mount_xLight3nfgq2/usr/lib/libwayland-cursor.so.0" address="0x7f6c5e724000" size="0x1000" version="0"/>
    <module path="/tmp/.mount_xLight3nfgq2/usr/lib/libwayland-cursor.so.0" address="0x7f6c5e729000" size="0x1000" version="0"/>
    <module path="/tmp/.mount_xLight3nfgq2/usr/lib/libwayland-client.so.0" address="0x7f6c5e737000" size="0x1ff000" version="0"/>
    <module path="/tmp/.mount_xLight3nfgq2/usr/lib/libwayland-client.so.0" address="0x7f6c5e938000" size="0x1000" version="0"/>
    <module path="/tmp/.mount_xLight3nfgq2/usr/lib/libwayland-egl.so.1" address="0x7f6c5e93a000" size="0x1000" version="1"/>
    <module path="/tmp/.mount_xLight3nfgq2/usr/lib/libwayland-egl.so.1" address="0x7f6c5eb3a000" size="0x1000" version="1"/>
    <module path="/tmp/.mount_xLight3nfgq2/usr/lib/libwayland-egl.so.1" address="0x7f6c5eb3c000" size="0x1000" version="1"/>
    <module path="/tmp/.mount_xLight3nfgq2/usr/lib/libXss.so.1" address="0x7f6c5eb3f000" size="0x200000" version="1"/>
    <module path="/tmp/.mount_xLight3nfgq2/usr/lib/libXss.so.1" address="0x7f6c5ed40000" size="0x1000" version="1"/>
    <module path="/tmp/.mount_xLight3nfgq2/usr/lib/libXrandr.so.2" address="0x7f6c5ed4b000" size="0x1ff000" version="2"/>
    <module path="/tmp/.mount_xLight3nfgq2/usr/lib/libXrandr.so.2" address="0x7f6c5ef4b000" size="0x1000" version="2"/>
    <module path="/tmp/.mount_xLight3nfgq2/usr/lib/libXinerama.so.1" address="0x7f6c5ef4d000" size="0x2000" version="1"/>
    <module path="/tmp/.mount_xLight3nfgq2/usr/lib/libXinerama.so.1" address="0x7f6c5f14e000" size="0x1000" version="1"/>
    <module path="/tmp/.mount_xLight3nfgq2/usr/lib/libXinerama.so.1" address="0x7f6c5f150000" size="0x1000" version="1"/>
    <module path="/tmp/.mount_xLight3nfgq2/usr/lib/libXcursor.so.1" address="0x7f6c5f15b000" size="0x1ff000" version="1"/>
    <module path="/tmp/.mount_xLight3nfgq2/usr/lib/libXcursor.so.1" address="0x7f6c5f35b000" size="0x1000" version="1"/>
    <module path="/tmp/.mount_xLight3nfgq2/usr/lib/libsndio.so.6.1" address="0x7f6c5f35d000" size="0xd000" version="6.1"/>
    <module path="/tmp/.mount_xLight3nfgq2/usr/lib/libsndio.so.6.1" address="0x7f6c5f569000" size="0x1000" version="6.1"/>
    <module path="/tmp/.mount_xLight3nfgq2/usr/lib/libsndio.so.6.1" address="0x7f6c5f56d000" size="0x1000" version="6.1"/>
    <module path="/tmp/.mount_xLight3nfgq2/usr/lib/libpulse.so.0" address="0x7f6c5f5bc000" size="0x200000" version="0"/>
    <module path="/tmp/.mount_xLight3nfgq2/usr/lib/libpulse.so.0" address="0x7f6c5f7be000" size="0x1000" version="0"/>
    <module path="/tmp/.mount_xLight3nfgq2/usr/lib/libpulse-simple.so.0" address="0x7f6c5f7c2000" size="0x200000" version="0"/>
    <module path="/tmp/.mount_xLight3nfgq2/usr/lib/libpulse-simple.so.0" address="0x7f6c5f9c3000" size="0x1000" version="0"/>
    <module path="/usr/lib/x86_64-linux-gnu/libasound.so.2.0.0" address="0x7f6c5fac3000" size="0x200000" version="2.0.0"/>
    <module path="/usr/lib/x86_64-linux-gnu/libasound.so.2.0.0" address="0x7f6c5fcca000" size="0x1000" version="2.0.0"/>
    <module path="/tmp/.mount_xLight3nfgq2/usr/lib/libnsl.so.1" address="0x7f6c5fcdf000" size="0x200000" version="1"/>
    <module path="/tmp/.mount_xLight3nfgq2/usr/lib/libnsl.so.1" address="0x7f6c5fee0000" size="0x1000" version="1"/>
    <module path="/tmp/.mount_xLight3nfgq2/usr/lib/libnsl.so.1" address="0x7f6c5fee3000" size="0x2000" version="1"/>
    <module path="/tmp/.mount_xLight3nfgq2/usr/lib/libsoxr.so.0" address="0x7f6c5ff10000" size="0x200000" version="0"/>
    <module path="/tmp/.mount_xLight3nfgq2/usr/lib/libsoxr.so.0" address="0x7f6c60112000" size="0x1000" version="0"/>
    <module path="/tmp/.mount_xLight3nfgq2/usr/lib/libsoxr.so.0" address="0x7f6c60148000" size="0x1000" version="0"/>
    <module path="/tmp/.mount_xLight3nfgq2/usr/lib/libva-x11.so.1" address="0x7f6c6014e000" size="0x1ff000" version="1"/>
    <module path="/tmp/.mount_xLight3nfgq2/usr/lib/libva-x11.so.1" address="0x7f6c6034e000" size="0x1000" version="1"/>
    <module path="/tmp/.mount_xLight3nfgq2/usr/lib/libva-drm.so.1" address="0x7f6c60350000" size="0x2000" version="1"/>
    <module path="/tmp/.mount_xLight3nfgq2/usr/lib/libva-drm.so.1" address="0x7f6c60551000" size="0x1000" version="1"/>
    <module path="/tmp/.mount_xLight3nfgq2/usr/lib/libva-drm.so.1" address="0x7f6c60553000" size="0x1000" version="1"/>
    <module path="/tmp/.mount_xLight3nfgq2/usr/lib/libvdpau.so.1" address="0x7f6c60557000" size="0x1ff000" version="1"/>
    <module path="/tmp/.mount_xLight3nfgq2/usr/lib/libvdpau.so.1" address="0x7f6c60757000" size="0x1000" version="1"/>
    <module path="/tmp/.mount_xLight3nfgq2/usr/lib/liblzma.so.5" address="0x7f6c60759000" size="0x25000" version="5"/>
    <module path="/tmp/.mount_xLight3nfgq2/usr/lib/liblzma.so.5" address="0x7f6c6097d000" size="0x1000" version="5"/>
    <module path="/tmp/.mount_xLight3nfgq2/usr/lib/liblzma.so.5" address="0x7f6c6097f000" size="0x1000" version="5"/>
    <module path="/tmp/.mount_xLight3nfgq2/usr/lib/libcrystalhd.so.3" address="0x7f6c6099a000" size="0x1ff000" version="3"/>
    <module path="/tmp/.mount_xLight3nfgq2/usr/lib/libcrystalhd.so.3" address="0x7f6c60b9a000" size="0x1000" version="3"/>
    <module path="/tmp/.mount_xLight3nfgq2/usr/lib/libgsm.so.1" address="0x7f6c60b9d000" size="0xc000" version="1"/>
    <module path="/tmp/.mount_xLight3nfgq2/usr/lib/libgsm.so.1" address="0x7f6c60da8000" size="0x1000" version="1"/>
    <module path="/tmp/.mount_xLight3nfgq2/usr/lib/libgsm.so.1" address="0x7f6c60daa000" size="0x1000" version="1"/>
    <module path="/tmp/.mount_xLight3nfgq2/usr/lib/libmp3lame.so.0" address="0x7f6c60df2000" size="0x200000" version="0"/>
    <module path="/tmp/.mount_xLight3nfgq2/usr/lib/libmp3lame.so.0" address="0x7f6c60ff3000" size="0x1000" version="0"/>
    <module path="/tmp/.mount_xLight3nfgq2/usr/lib/libmp3lame.so.0" address="0x7f6c61022000" size="0x3000" version="0"/>
    <module path="/tmp/.mount_xLight3nfgq2/usr/lib/libopenjp2.so.7" address="0x7f6c6105f000" size="0x1ff000" version="7"/>
    <module path="/tmp/.mount_xLight3nfgq2/usr/lib/libopenjp2.so.7" address="0x7f6c6125f000" size="0x1000" version="7"/>
    <module path="/tmp/.mount_xLight3nfgq2/usr/lib/libopus.so.0" address="0x7f6c61261000" size="0x4e000" version="0"/>
    <module path="/tmp/.mount_xLight3nfgq2/usr/lib/libopus.so.0" address="0x7f6c614ae000" size="0x1000" version="0"/>
    <module path="/tmp/.mount_xLight3nfgq2/usr/lib/libopus.so.0" address="0x7f6c614b0000" size="0x1000" version="0"/>
    <module path="/tmp/.mount_xLight3nfgq2/usr/lib/libshine.so.3" address="0x7f6c614bd000" size="0x1ff000" version="3"/>
    <module path="/tmp/.mount_xLight3nfgq2/usr/lib/libshine.so.3" address="0x7f6c616bd000" size="0x1000" version="3"/>
    <module path="/tmp/.mount_xLight3nfgq2/usr/lib/libsnappy.so.1" address="0x7f6c616bf000" size="0x7000" version="1"/>
    <module path="/tmp/.mount_xLight3nfgq2/usr/lib/libsnappy.so.1" address="0x7f6c618c5000" size="0x1000" version="1"/>
    <module path="/tmp/.mount_xLight3nfgq2/usr/lib/libsnappy.so.1" address="0x7f6c618c7000" size="0x2000" version="1"/>
    <module path="/tmp/.mount_xLight3nfgq2/usr/lib/libspeex.so.1" address="0x7f6c618e0000" size="0x200000" version="1"/>
    <module path="/tmp/.mount_xLight3nfgq2/usr/lib/libspeex.so.1" address="0x7f6c61ae1000" size="0x1000" version="1"/>
    <module path="/tmp/.mount_xLight3nfgq2/usr/lib/libtheoradec.so.1" address="0x7f6c61ae3000" size="0x1d000" version="1"/>
    <module path="/tmp/.mount_xLight3nfgq2/usr/lib/libtheoradec.so.1" address="0x7f6c61cff000" size="0x1000" version="1"/>
    <module path="/tmp/.mount_xLight3nfgq2/usr/lib/libtheoradec.so.1" address="0x7f6c61d01000" size="0x1000" version="1"/>
    <module path="/tmp/.mount_xLight3nfgq2/usr/lib/libtheoraenc.so.1" address="0x7f6c61d40000" size="0x1ff000" version="1"/>
    <module path="/tmp/.mount_xLight3nfgq2/usr/lib/libtheoraenc.so.1" address="0x7f6c61f40000" size="0x1000" version="1"/>
    <module path="/tmp/.mount_xLight3nfgq2/usr/lib/libtwolame.so.0" address="0x7f6c61f42000" size="0x1e000" version="0"/>
    <module path="/tmp/.mount_xLight3nfgq2/usr/lib/libtwolame.so.0" address="0x7f6c6215f000" size="0x1000" version="0"/>
    <module path="/tmp/.mount_xLight3nfgq2/usr/lib/libtwolame.so.0" address="0x7f6c62165000" size="0x1000" version="0"/>
    <module path="/tmp/.mount_xLight3nfgq2/usr/lib/libvorbis.so.0" address="0x7f6c62190000" size="0x200000" version="0"/>
    <module path="/tmp/.mount_xLight3nfgq2/usr/lib/libvorbis.so.0" address="0x7f6c62391000" size="0x1000" version="0"/>
    <module path="/tmp/.mount_xLight3nfgq2/usr/lib/libvorbisenc.so.2" address="0x7f6c62393000" size="0x8d000" version="2"/>
    <module path="/tmp/.mount_xLight3nfgq2/usr/lib/libvorbisenc.so.2" address="0x7f6c6261f000" size="0x1c000" version="2"/>
    <module path="/tmp/.mount_xLight3nfgq2/usr/lib/libvorbisenc.so.2" address="0x7f6c6263c000" size="0x1000" version="2"/>
    <module path="/tmp/.mount_xLight3nfgq2/usr/lib/libvpx.so.4" address="0x7f6c62876000" size="0x1ff000" version="4"/>
    <module path="/tmp/.mount_xLight3nfgq2/usr/lib/libvpx.so.4" address="0x7f6c62a77000" size="0x1000" version="4"/>
    <module path="/tmp/.mount_xLight3nfgq2/usr/lib/libvpx.so.4" address="0x7f6c62a7a000" size="0x1000" version="4"/>
    <module path="/tmp/.mount_xLight3nfgq2/usr/lib/libwavpack.so.1" address="0x7f6c62aa5000" size="0x1ff000" version="1"/>
    <module path="/tmp/.mount_xLight3nfgq2/usr/lib/libwavpack.so.1" address="0x7f6c62ca5000" size="0x1000" version="1"/>
    <module path="/tmp/.mount_xLight3nfgq2/usr/lib/libwebp.so.6" address="0x7f6c62ca7000" size="0x5e000" version="6"/>
    <module path="/tmp/.mount_xLight3nfgq2/usr/lib/libwebp.so.6" address="0x7f6c62f05000" size="0x1000" version="6"/>
    <module path="/tmp/.mount_xLight3nfgq2/usr/lib/libwebp.so.6" address="0x7f6c62f08000" size="0x1000" version="6"/>
    <module path="/tmp/.mount_xLight3nfgq2/usr/lib/libwebpmux.so.2" address="0x7f6c62f12000" size="0x1ff000" version="2"/>
    <module path="/tmp/.mount_xLight3nfgq2/usr/lib/libwebpmux.so.2" address="0x7f6c63112000" size="0x1000" version="2"/>
    <module path="/tmp/.mount_xLight3nfgq2/usr/lib/libx264.so.148" address="0x7f6c63114000" size="0x126000" version="148"/>
    <module path="/tmp/.mount_xLight3nfgq2/usr/lib/libx264.so.148" address="0x7f6c63439000" size="0x1000" version="148"/>
    <module path="/tmp/.mount_xLight3nfgq2/usr/lib/libx264.so.148" address="0x7f6c634b6000" size="0x3000" version="148"/>
    <module path="/tmp/.mount_xLight3nfgq2/usr/lib/libx265.so.95" address="0x7f6c63edc000" size="0x200000" version="95"/>
    <module path="/tmp/.mount_xLight3nfgq2/usr/lib/libx265.so.95" address="0x7f6c640df000" size="0x3000" version="95"/>
    <module path="/tmp/.mount_xLight3nfgq2/usr/lib/libx265.so.95" address="0x7f6c640ed000" size="0x63000" version="95"/>
    <module path="/tmp/.mount_xLight3nfgq2/usr/lib/libxvidcore.so.4" address="0x7f6c641ee000" size="0x1ff000" version="4"/>
    <module path="/tmp/.mount_xLight3nfgq2/usr/lib/libxvidcore.so.4" address="0x7f6c643ee000" size="0xa000" version="4"/>
    <module path="/tmp/.mount_xLight3nfgq2/usr/lib/libxvidcore.so.4" address="0x7f6c64461000" size="0x1000" version="4"/>
    <module path="/tmp/.mount_xLight3nfgq2/usr/lib/libzvbi.so.0" address="0x7f6c644da000" size="0x200000" version="0"/>
    <module path="/tmp/.mount_xLight3nfgq2/usr/lib/libzvbi.so.0" address="0x7f6c646e3000" size="0xc000" version="0"/>
    <module path="/tmp/.mount_xLight3nfgq2/usr/lib/libva.so.1" address="0x7f6c646f2000" size="0x1e000" version="1"/>
    <module path="/tmp/.mount_xLight3nfgq2/usr/lib/libva.so.1" address="0x7f6c64910000" size="0x1000" version="1"/>
    <module path="/tmp/.mount_xLight3nfgq2/usr/lib/libva.so.1" address="0x7f6c64912000" size="0x1000" version="1"/>
    <module path="/tmp/.mount_xLight3nfgq2/usr/lib/libbz2.so.1.0" address="0x7f6c64922000" size="0x1ff000" version="1.0"/>
    <module path="/tmp/.mount_xLight3nfgq2/usr/lib/libbz2.so.1.0" address="0x7f6c64b22000" size="0x1000" version="1.0"/>
    <module path="/tmp/.mount_xLight3nfgq2/usr/lib/libchromaprint.so.1" address="0x7f6c64b24000" size="0x13000" version="1"/>
    <module path="/tmp/.mount_xLight3nfgq2/usr/lib/libchromaprint.so.1" address="0x7f6c64d36000" size="0x1000" version="1"/>
    <module path="/tmp/.mount_xLight3nfgq2/usr/lib/libchromaprint.so.1" address="0x7f6c64d38000" size="0x1000" version="1"/>
    <module path="/tmp/.mount_xLight3nfgq2/usr/lib/libgnutls.so.30" address="0x7f6c64ec3000" size="0x200000" version="30"/>
    <module path="/tmp/.mount_xLight3nfgq2/usr/lib/libgnutls.so.30" address="0x7f6c650d0000" size="0x1000" version="30"/>
    <module path="/tmp/.mount_xLight3nfgq2/usr/lib/libgnutls.so.30" address="0x7f6c650d2000" size="0xb000" version="30"/>
    <module path="/tmp/.mount_xLight3nfgq2/usr/lib/libbluray.so.1" address="0x7f6c65124000" size="0x200000" version="1"/>
    <module path="/tmp/.mount_xLight3nfgq2/usr/lib/libbluray.so.1" address="0x7f6c65326000" size="0x1000" version="1"/>
    <module path="/tmp/.mount_xLight3nfgq2/usr/lib/libgme.so.0" address="0x7f6c65328000" size="0x4a000" version="0"/>
    <module path="/tmp/.mount_xLight3nfgq2/usr/lib/libgme.so.0" address="0x7f6c65571000" size="0x3000" version="0"/>
    <module path="/tmp/.mount_xLight3nfgq2/usr/lib/libgme.so.0" address="0x7f6c65575000" size="0x1000" version="0"/>
    <module path="/tmp/.mount_xLight3nfgq2/usr/lib/libopenmpt.so.0" address="0x7f6c656ae000" size="0x200000" version="0"/>
    <module path="/tmp/.mount_xLight3nfgq2/usr/lib/libopenmpt.so.0" address="0x7f6c658b2000" size="0x1000" version="0"/>
    <module path="/tmp/.mount_xLight3nfgq2/usr/lib/libopenmpt.so.0" address="0x7f6c65905000" size="0x6000" version="0"/>
    <module path="/tmp/.mount_xLight3nfgq2/usr/lib/libssh-gcrypt.so.4" address="0x7f6c65978000" size="0x200000" version="4"/>
    <module path="/tmp/.mount_xLight3nfgq2/usr/lib/libssh-gcrypt.so.4" address="0x7f6c65b79000" size="0x1000" version="4"/>
    <module path="/tmp/.mount_xLight3nfgq2/usr/lib/libldap_r-2.4.so.2" address="0x7f6c65b7d000" size="0x4d000" version="2"/>
    <module path="/tmp/.mount_xLight3nfgq2/usr/lib/libldap_r-2.4.so.2" address="0x7f6c65dc9000" size="0x2000" version="2"/>
    <module path="/tmp/.mount_xLight3nfgq2/usr/lib/libldap_r-2.4.so.2" address="0x7f6c65dce000" size="0x4000" version="2"/>
    <module path="/tmp/.mount_xLight3nfgq2/usr/lib/liblber-2.4.so.2" address="0x7f6c65ddf000" size="0x200000" version="2"/>
    <module path="/tmp/.mount_xLight3nfgq2/usr/lib/liblber-2.4.so.2" address="0x7f6c65fe0000" size="0x1000" version="2"/>
    <module path="/lib/x86_64-linux-gnu/libcom_err.so.2.1" address="0x7f6c65fe2000" size="0x3000" version="2.1"/>
    <module path="/lib/x86_64-linux-gnu/libcom_err.so.2.1" address="0x7f6c661e4000" size="0x1000" version="2.1"/>
    <module path="/tmp/.mount_xLight3nfgq2/usr/lib/libk5crypto.so.3" address="0x7f6c661e6000" size="0x2f000" version="3"/>
    <module path="/tmp/.mount_xLight3nfgq2/usr/lib/libk5crypto.so.3" address="0x7f6c66415000" size="0x2000" version="3"/>
    <module path="/tmp/.mount_xLight3nfgq2/usr/lib/libk5crypto.so.3" address="0x7f6c66419000" size="0x1000" version="3"/>
    <module path="/tmp/.mount_xLight3nfgq2/usr/lib/libkrb5.so.3" address="0x7f6c664e3000" size="0x200000" version="3"/>
    <module path="/tmp/.mount_xLight3nfgq2/usr/lib/libkrb5.so.3" address="0x7f6c666f1000" size="0x3000" version="3"/>
    <module path="/tmp/.mount_xLight3nfgq2/usr/lib/libgssapi_krb5.so.2" address="0x7f6c666f9000" size="0x48000" version="2"/>
    <module path="/tmp/.mount_xLight3nfgq2/usr/lib/libgssapi_krb5.so.2" address="0x7f6c66940000" size="0x2000" version="2"/>
    <module path="/tmp/.mount_xLight3nfgq2/usr/lib/libgssapi_krb5.so.2" address="0x7f6c66944000" size="0x3000" version="2"/>
    <module path="/tmp/.mount_xLight3nfgq2/usr/lib/libcrypto.so.1.0.2" address="0x7f6c66b7f000" size="0x200000" version="1.0.2"/>
    <module path="/tmp/.mount_xLight3nfgq2/usr/lib/libcrypto.so.1.0.2" address="0x7f6c66d9b000" size="0xf000" version="1.0.2"/>
    <module path="/tmp/.mount_xLight3nfgq2/usr/lib/libcrypto.so.1.0.2" address="0x7f6c66dae000" size="0x12000" version="1.0.2"/>
    <module path="/tmp/.mount_xLight3nfgq2/usr/lib/libssl.so.1.0.2" address="0x7f6c66e20000" size="0x1ff000" version="1.0.2"/>
    <module path="/tmp/.mount_xLight3nfgq2/usr/lib/libssl.so.1.0.2" address="0x7f6c67023000" size="0x6000" version="1.0.2"/>
    <module path="/tmp/.mount_xLight3nfgq2/usr/lib/libpsl.so.5" address="0x7f6c6702d000" size="0xc000" version="5"/>
    <module path="/tmp/.mount_xLight3nfgq2/usr/lib/libpsl.so.5" address="0x7f6c67239000" size="0x1000" version="5"/>
    <module path="/tmp/.mount_xLight3nfgq2/usr/lib/libpsl.so.5" address="0x7f6c6723b000" size="0x1000" version="5"/>
    <module path="/tmp/.mount_xLight3nfgq2/usr/lib/libssh2.so.1" address="0x7f6c67268000" size="0x1ff000" version="1"/>
    <module path="/tmp/.mount_xLight3nfgq2/usr/lib/libssh2.so.1" address="0x7f6c67468000" size="0x1000" version="1"/>
    <module path="/tmp/.mount_xLight3nfgq2/usr/lib/librtmp.so.1" address="0x7f6c6746b000" size="0x1b000" version="1"/>
    <module path="/tmp/.mount_xLight3nfgq2/usr/lib/librtmp.so.1" address="0x7f6c67686000" size="0x1000" version="1"/>
    <module path="/tmp/.mount_xLight3nfgq2/usr/lib/librtmp.so.1" address="0x7f6c67688000" size="0x2000" version="1"/>
    <module path="/tmp/.mount_xLight3nfgq2/usr/lib/libidn2.so.0" address="0x7f6c676ab000" size="0x1ff000" version="0"/>
    <module path="/tmp/.mount_xLight3nfgq2/usr/lib/libidn2.so.0" address="0x7f6c678ab000" size="0x1000" version="0"/>
    <module path="/tmp/.mount_xLight3nfgq2/usr/lib/libnghttp2.so.14" address="0x7f6c678cf000" size="0x1ff000" version="14"/>
    <module path="/tmp/.mount_xLight3nfgq2/usr/lib/libnghttp2.so.14" address="0x7f6c67acf000" size="0x3000" version="14"/>
    <module path="/usr/lib/x86_64-linux-gnu/libxcb.so.1.1.0" address="0x7f6c67ad4000" size="0x26000" version="1.1.0"/>
    <module path="/usr/lib/x86_64-linux-gnu/libxcb.so.1.1.0" address="0x7f6c67cfa000" size="0x1000" version="1.1.0"/>
    <module path="/tmp/.mount_xLight3nfgq2/usr/lib/libXxf86vm.so.1" address="0x7f6c67cfc000" size="0x5000" version="1"/>
    <module path="/tmp/.mount_xLight3nfgq2/usr/lib/libXxf86vm.so.1" address="0x7f6c67f00000" size="0x1000" version="1"/>
    <module path="/tmp/.mount_xLight3nfgq2/usr/lib/libXxf86vm.so.1" address="0x7f6c67f02000" size="0x1000" version="1"/>
    <module path="/tmp/.mount_xLight3nfgq2/usr/lib/libXi.so.6" address="0x7f6c67f12000" size="0x1ff000" version="6"/>
    <module path="/tmp/.mount_xLight3nfgq2/usr/lib/libXi.so.6" address="0x7f6c68112000" size="0x1000" version="6"/>
    <module path="/tmp/.mount_xLight3nfgq2/usr/lib/libXext.so.6" address="0x7f6c68114000" size="0x11000" version="6"/>
    <module path="/tmp/.mount_xLight3nfgq2/usr/lib/libXext.so.6" address="0x7f6c68324000" size="0x1000" version="6"/>
    <module path="/tmp/.mount_xLight3nfgq2/usr/lib/libXext.so.6" address="0x7f6c68326000" size="0x2000" version="6"/>
    <module path="/usr/lib/x86_64-linux-gnu/libGLdispatch.so.0.0.0" address="0x7f6c68396000" size="0x1ff000" version="0.0.0"/>
    <module path="/usr/lib/x86_64-linux-gnu/libGLdispatch.so.0.0.0" address="0x7f6c685bd000" size="0x1000" version="0.0.0"/>
    <module path="/usr/lib/x86_64-linux-gnu/libGLX.so.0.0.0" address="0x7f6c685de000" size="0x10000" version="0.0.0"/>
    <module path="/usr/lib/x86_64-linux-gnu/libGLX.so.0.0.0" address="0x7f6c687ed000" size="0x1000" version="0.0.0"/>
    <module path="/lib/x86_64-linux-gnu/libc-2.27.so" address="0x7f6c6880f000" size="0x1e7000" version="2.27"/>
    <module path="/lib/x86_64-linux-gnu/libc-2.27.so" address="0x7f6c68bf6000" size="0x4000" version="2.27"/>
    <module path="/lib/x86_64-linux-gnu/libpthread-2.27.so" address="0x7f6c68c00000" size="0x1a000" version="2.27"/>
    <module path="/lib/x86_64-linux-gnu/libpthread-2.27.so" address="0x7f6c68e19000" size="0x1000" version="2.27"/>
    <module path="/lib/x86_64-linux-gnu/libgcc_s.so.1" address="0x7f6c68e1f000" size="0x17000" version="1"/>
    <module path="/lib/x86_64-linux-gnu/libgcc_s.so.1" address="0x7f6c69035000" size="0x1000" version="1"/>
    <module path="/lib/x86_64-linux-gnu/libm-2.27.so" address="0x7f6c69037000" size="0x19d000" version="2.27"/>
    <module path="/lib/x86_64-linux-gnu/libm-2.27.so" address="0x7f6c693d3000" size="0x1000" version="2.27"/>
    <module path="/usr/lib/x86_64-linux-gnu/libstdc++.so.6.0.25" address="0x7f6c693d5000" size="0x179000" version="6.0.25"/>
    <module path="/usr/lib/x86_64-linux-gnu/libstdc++.so.6.0.25" address="0x7f6c6974e000" size="0xa000" version="6.0.25"/>
    <module path="/tmp/.mount_xLight3nfgq2/usr/lib/libzstd.so.1" address="0x7f6c6975e000" size="0x83000" version="1"/>
    <module path="/tmp/.mount_xLight3nfgq2/usr/lib/libzstd.so.1" address="0x7f6c699e1000" size="0x1000" version="1"/>
    <module path="/tmp/.mount_xLight3nfgq2/usr/lib/libzstd.so.1" address="0x7f6c699e3000" size="0x1000" version="1"/>
    <module path="/lib/x86_64-linux-gnu/libz.so.1.2.11" address="0x7f6c69a00000" size="0x1ff000" version="1.2.11"/>
    <module path="/lib/x86_64-linux-gnu/libz.so.1.2.11" address="0x7f6c69c00000" size="0x1000" version="1.2.11"/>
    <module path="/lib/x86_64-linux-gnu/libexpat.so.1.6.7" address="0x7f6c69c30000" size="0x200000" version="1.6.7"/>
    <module path="/lib/x86_64-linux-gnu/libexpat.so.1.6.7" address="0x7f6c69e32000" size="0x1000" version="1.6.7"/>
    <module path="/usr/lib/x86_64-linux-gnu/libglib-2.0.so.0.5600.4" address="0x7f6c69f47000" size="0x200000" version="0.5600.4"/>
    <module path="/usr/lib/x86_64-linux-gnu/libglib-2.0.so.0.5600.4" address="0x7f6c6a148000" size="0x1000" version="0.5600.4"/>
    <module path="/usr/lib/x86_64-linux-gnu/libgobject-2.0.so.0.5600.4" address="0x7f6c6a14a000" size="0x52000" version="0.5600.4"/>
    <module path="/usr/lib/x86_64-linux-gnu/libgobject-2.0.so.0.5600.4" address="0x7f6c6a39c000" size="0x1000" version="0.5600.4"/>
    <module path="/tmp/.mount_xLight3nfgq2/usr/lib/libgstreamer-1.0.so.0" address="0x7f6c6a39e000" size="0x129000" version="0"/>
    <module path="/tmp/.mount_xLight3nfgq2/usr/lib/libgstreamer-1.0.so.0" address="0x7f6c6a6c6000" size="0x6000" version="0"/>
    <module path="/tmp/.mount_xLight3nfgq2/usr/lib/libgstreamer-1.0.so.0" address="0x7f6c6a6d0000" size="0xd000" version="0"/>
    <module path="/tmp/.mount_xLight3nfgq2/usr/lib/libgstbase-1.0.so.0" address="0x7f6c6a740000" size="0x1ff000" version="0"/>
    <module path="/tmp/.mount_xLight3nfgq2/usr/lib/libgstbase-1.0.so.0" address="0x7f6c6a940000" size="0x1000" version="0"/>
    <module path="/tmp/.mount_xLight3nfgq2/usr/lib/libgstvideo-1.0.so.0" address="0x7f6c6a946000" size="0x80000" version="0"/>
    <module path="/tmp/.mount_xLight3nfgq2/usr/lib/libgstvideo-1.0.so.0" address="0x7f6c6abc6000" size="0x9000" version="0"/>
    <module path="/tmp/.mount_xLight3nfgq2/usr/lib/libgstvideo-1.0.so.0" address="0x7f6c6abd1000" size="0x5000" version="0"/>
    <module path="/tmp/.mount_xLight3nfgq2/usr/lib/libwx_baseu-3.1.so.3" address="0x7f6c6ae45000" size="0x200000" version="3"/>
    <module path="/tmp/.mount_xLight3nfgq2/usr/lib/libwx_baseu-3.1.so.3" address="0x7f6c6b050000" size="0x4000" version="3"/>
    <module path="/tmp/.mount_xLight3nfgq2/usr/lib/libwx_baseu-3.1.so.3" address="0x7f6c6b05a000" size="0x21000" version="3"/>
    <module path="/tmp/.mount_xLight3nfgq2/usr/lib/libwx_baseu_net-3.1.so.3" address="0x7f6c6b0c2000" size="0x1ff000" version="3"/>
    <module path="/tmp/.mount_xLight3nfgq2/usr/lib/libwx_baseu_net-3.1.so.3" address="0x7f6c6b2c3000" size="0x1000" version="3"/>
    <module path="/tmp/.mount_xLight3nfgq2/usr/lib/libwx_baseu_net-3.1.so.3" address="0x7f6c6b2c5000" size="0x6000" version="3"/>
    <module path="/tmp/.mount_xLight3nfgq2/usr/lib/libwx_baseu_xml-3.1.so.3" address="0x7f6c6b2db000" size="0x200000" version="3"/>
    <module path="/tmp/.mount_xLight3nfgq2/usr/lib/libwx_baseu_xml-3.1.so.3" address="0x7f6c6b4dc000" size="0x1000" version="3"/>
    <module path="/tmp/.mount_xLight3nfgq2/usr/lib/libwx_gtk3u_core-3.1.so.3" address="0x7f6c6b4df000" size="0x7d3000" version="3"/>
    <module path="/tmp/.mount_xLight3nfgq2/usr/lib/libwx_gtk3u_core-3.1.so.3" address="0x7f6c6beb2000" size="0x93000" version="3"/>
    <module path="/tmp/.mount_xLight3nfgq2/usr/lib/libwx_gtk3u_core-3.1.so.3" address="0x7f6c6bf5f000" size="0x7c000" version="3"/>
    <module path="/tmp/.mount_xLight3nfgq2/usr/lib/libwx_gtk3u_qa-3.1.so.3" address="0x7f6c6c008000" size="0x1ff000" version="3"/>
    <module path="/tmp/.mount_xLight3nfgq2/usr/lib/libwx_gtk3u_qa-3.1.so.3" address="0x7f6c6c20a000" size="0x1000" version="3"/>
    <module path="/tmp/.mount_xLight3nfgq2/usr/lib/libwx_gtk3u_html-3.1.so.3" address="0x7f6c6c210000" size="0xc6000" version="3"/>
    <module path="/tmp/.mount_xLight3nfgq2/usr/lib/libwx_gtk3u_html-3.1.so.3" address="0x7f6c6c4d6000" size="0xb000" version="3"/>
    <module path="/tmp/.mount_xLight3nfgq2/usr/lib/libwx_gtk3u_html-3.1.so.3" address="0x7f6c6c4e5000" size="0x10000" version="3"/>
    <module path="/tmp/.mount_xLight3nfgq2/usr/lib/libwx_gtk3u_xrc-3.1.so.3" address="0x7f6c6c65c000" size="0x200000" version="3"/>
    <module path="/tmp/.mount_xLight3nfgq2/usr/lib/libwx_gtk3u_xrc-3.1.so.3" address="0x7f6c6c867000" size="0x2000" version="3"/>
    <module path="/tmp/.mount_xLight3nfgq2/usr/lib/libwx_gtk3u_xrc-3.1.so.3" address="0x7f6c6c86c000" size="0x14000" version="3"/>
    <module path="/tmp/.mount_xLight3nfgq2/usr/lib/libwx_gtk3u_propgrid-3.1.so.3" address="0x7f6c6c970000" size="0x1ff000" version="3"/>
    <module path="/tmp/.mount_xLight3nfgq2/usr/lib/libwx_gtk3u_propgrid-3.1.so.3" address="0x7f6c6cb7d000" size="0x2000" version="3"/>
    <module path="/tmp/.mount_xLight3nfgq2/usr/lib/libwx_gtk3u_propgrid-3.1.so.3" address="0x7f6c6cb81000" size="0x1a000" version="3"/>
    <module path="/tmp/.mount_xLight3nfgq2/usr/lib/libwx_gtk3u_aui-3.1.so.3" address="0x7f6c6cc35000" size="0x200000" version="3"/>
    <module path="/tmp/.mount_xLight3nfgq2/usr/lib/libwx_gtk3u_aui-3.1.so.3" address="0x7f6c6ce3d000" size="0x1000" version="3"/>
    <module path="/tmp/.mount_xLight3nfgq2/usr/lib/libwx_gtk3u_aui-3.1.so.3" address="0x7f6c6ce40000" size="0xd000" version="3"/>
    <module path="/tmp/.mount_xLight3nfgq2/usr/lib/libwx_gtk3u_gl-3.1.so.3" address="0x7f6c6ce64000" size="0x200000" version="3"/>
    <module path="/tmp/.mount_xLight3nfgq2/usr/lib/libwx_gtk3u_gl-3.1.so.3" address="0x7f6c6d066000" size="0x1000" version="3"/>
    <module path="/tmp/.mount_xLight3nfgq2/usr/lib/libwx_gtk3u_media-3.1.so.3" address="0x7f6c6d06c000" size="0x1e000" version="3"/>
    <module path="/tmp/.mount_xLight3nfgq2/usr/lib/libwx_gtk3u_media-3.1.so.3" address="0x7f6c6d289000" size="0x2000" version="3"/>
    <module path="/tmp/.mount_xLight3nfgq2/usr/lib/libwx_gtk3u_media-3.1.so.3" address="0x7f6c6d28c000" size="0x5000" version="3"/>
    <module path="/tmp/.mount_xLight3nfgq2/usr/lib/libSDL2-2.0.so.0" address="0x7f6c6d3a0000" size="0x1ff000" version="0"/>
    <module path="/tmp/.mount_xLight3nfgq2/usr/lib/libSDL2-2.0.so.0" address="0x7f6c6d5a5000" size="0x5000" version="0"/>
    <module path="/tmp/.mount_xLight3nfgq2/usr/lib/libSDL2-2.0.so.0" address="0x7f6c6d5ad000" size="0x5000" version="0"/>
    <module path="/tmp/.mount_xLight3nfgq2/usr/lib/liblog4cpp.so.5" address="0x7f6c6d65a000" size="0x1ff000" version="5"/>
    <module path="/tmp/.mount_xLight3nfgq2/usr/lib/liblog4cpp.so.5" address="0x7f6c6d85b000" size="0x4000" version="5"/>
    <module path="/tmp/.mount_xLight3nfgq2/usr/lib/libswscale.so.4" address="0x7f6c6d89b000" size="0x87000" version="4"/>
    <module path="/tmp/.mount_xLight3nfgq2/usr/lib/libswscale.so.4" address="0x7f6c6db22000" size="0x1000" version="4"/>
    <module path="/tmp/.mount_xLight3nfgq2/usr/lib/libswscale.so.4" address="0x7f6c6db2c000" size="0x1000" version="4"/>
    <module path="/tmp/.mount_xLight3nfgq2/usr/lib/libswresample.so.2" address="0x7f6c6db49000" size="0x200000" version="2"/>
    <module path="/tmp/.mount_xLight3nfgq2/usr/lib/libswresample.so.2" address="0x7f6c6dd4b000" size="0x1000" version="2"/>
    <module path="/tmp/.mount_xLight3nfgq2/usr/lib/libavutil.so.55" address="0x7f6c6dd4d000" size="0x5e000" version="55"/>
    <module path="/tmp/.mount_xLight3nfgq2/usr/lib/libavutil.so.55" address="0x7f6c6dfab000" size="0x11000" version="55"/>
    <module path="/tmp/.mount_xLight3nfgq2/usr/lib/libavutil.so.55" address="0x7f6c6dfd0000" size="0x3000" version="55"/>
    <module path="/tmp/.mount_xLight3nfgq2/usr/lib/libavcodec.so.57" address="0x7f6c6ec08000" size="0x200000" version="57"/>
    <module path="/tmp/.mount_xLight3nfgq2/usr/lib/libavcodec.so.57" address="0x7f6c6ee3f000" size="0x2a000" version="57"/>
    <module path="/tmp/.mount_xLight3nfgq2/usr/lib/libavcodec.so.57" address="0x7f6c6f5a8000" size="0x5000" version="57"/>
    <module path="/tmp/.mount_xLight3nfgq2/usr/lib/libavformat.so.57" address="0x7f6c6f7ba000" size="0x1ff000" version="57"/>
    <module path="/tmp/.mount_xLight3nfgq2/usr/lib/libavformat.so.57" address="0x7f6c6f9d1000" size="0x17000" version="57"/>
    <module path="/tmp/.mount_xLight3nfgq2/usr/lib/libcurl.so.4" address="0x7f6c6f9ec000" size="0x7d000" version="4"/>
    <module path="/tmp/.mount_xLight3nfgq2/usr/lib/libcurl.so.4" address="0x7f6c6fc68000" size="0x3000" version="4"/>
    <module path="/tmp/.mount_xLight3nfgq2/usr/lib/libcurl.so.4" address="0x7f6c6fc6c000" size="0x3000" version="4"/>
    <module path="/usr/lib/x86_64-linux-gnu/libX11.so.6.3.0" address="0x7f6c6fda2000" size="0x200000" version="6.3.0"/>
    <module path="/usr/lib/x86_64-linux-gnu/libX11.so.6.3.0" address="0x7f6c6ffa3000" size="0x4000" version="6.3.0"/>
    <module path="/lib/x86_64-linux-gnu/libdl-2.27.so" address="0x7f6c6ffaa000" size="0x1ff000" version="2.27"/>
    <module path="/lib/x86_64-linux-gnu/libdl-2.27.so" address="0x7f6c701aa000" size="0x1000" version="2.27"/>
    <module path="/tmp/.mount_xLight3nfgq2/usr/lib/libglut.so.3" address="0x7f6c701ed000" size="0x1ff000" version="3"/>
    <module path="/tmp/.mount_xLight3nfgq2/usr/lib/libglut.so.3" address="0x7f6c703f0000" size="0x5000" version="3"/>
    <module path="/tmp/.mount_xLight3nfgq2/usr/lib/libGLU.so.1" address="0x7f6c703f7000" size="0x6d000" version="1"/>
    <module path="/tmp/.mount_xLight3nfgq2/usr/lib/libGLU.so.1" address="0x7f6c70664000" size="0x1000" version="1"/>
    <module path="/tmp/.mount_xLight3nfgq2/usr/lib/libGLU.so.1" address="0x7f6c70666000" size="0x1000" version="1"/>
    <module path="/usr/lib/x86_64-linux-gnu/libGL.so.1.0.0" address="0x7f6c706d8000" size="0x1ff000" version="1.0.0"/>
    <module path="/usr/lib/x86_64-linux-gnu/libGL.so.1.0.0" address="0x7f6c708f1000" size="0x1000" version="1.0.0"/>
    <module path="/lib/x86_64-linux-gnu/ld-2.27.so" address="0x7f6c708f3000" size="0x27000" version="2.27"/>
    <module path="/var/cache/fontconfig/4794a0821666d79190d59a36cb4f44b5-le64.cache-7" address="0x7f6c7091c000" size="0x1000"/>
    <module path="/var/cache/fontconfig/c57959a16110560c8d0fcea73374aeeb-le64.cache-7" address="0x7f6c70922000" size="0x4000"/>
    <module path="/var/cache/fontconfig/f6d4eedfaab2589bde49f7a3ff831d22-le64.cache-7" address="0x7f6c70927000" size="0x1000"/>
    <module path="/var/cache/fontconfig/bab58bb527bb656aaa9f116d68a48d89-le64.cache-7" address="0x7f6c70929000" size="0x1000"/>
    <module path="/var/cache/fontconfig/c5c45a61289222e0d30b1a26ef4effbe-le64.cache-7" address="0x7f6c7092b000" size="0x1000"/>
    <module path="/var/cache/fontconfig/3f589640d34b7dc9042c8d453f7c8b9c-le64.cache-7" address="0x7f6c7092d000" size="0x1000"/>
    <module path="/var/cache/fontconfig/a48eab177a16e4f3713381162db2f3e9-le64.cache-7" address="0x7f6c7092f000" size="0x1000"/>
    <module path="/var/cache/fontconfig/d52a8644073d54c13679302ca1180695-le64.cache-7" address="0x7f6c70935000" size="0x13000"/>
    <module path="/var/cache/fontconfig/564b2e68ac9bc4e36a6f7f6d6125ec1c-le64.cache-7" address="0x7f6c70972000" size="0x1000"/>
    <module path="/var/cache/fontconfig/56cf4f4769d0f4abc89a4895d7bd3ae1-le64.cache-7" address="0x7f6c70979000" size="0x1000"/>
    <module path="/var/cache/fontconfig/b47c4e1ecd0709278f4910c18777a504-le64.cache-7" address="0x7f6c7097b000" size="0x6000"/>
    <module path="/var/cache/fontconfig/9b89f8e3dae116d678bbf48e5f21f69b-le64.cache-7" address="0x7f6c7098d000" size="0xf000"/>
    <module path="/var/cache/fontconfig/370e5b74bf5dafc30834de68e24a87a4-le64.cache-7" address="0x7f6c709b5000" size="0x1000"/>
    <module path="/var/cache/fontconfig/d5178ab6d91b49bf20a416737dcea9e8-le64.cache-7" address="0x7f6c709b7000" size="0x1000"/>
    <module path="/var/cache/fontconfig/550f3886151c940c12a5ed35f6a00586-le64.cache-7" address="0x7f6c709bb000" size="0x2000"/>
    <module path="/tmp/.mount_xLight3nfgq2/usr/lib/libsystemd.so.0" address="0x7f6c70a18000" size="0x84000" version="0"/>
    <module path="/tmp/.mount_xLight3nfgq2/usr/lib/libsystemd.so.0" address="0x7f6c70a9d000" size="0x3000" version="0"/>
    <module path="/tmp/.mount_xLight3nfgq2/usr/lib/libsystemd.so.0" address="0x7f6c70aa2000" size="0x4000" version="0"/>
    <module path="/var/cache/fontconfig/551ecf3b0e8b0bca0f25c0944f561853-le64.cache-7" address="0x7f6c70ae4000" size="0x1000"/>
    <module path="/var/cache/fontconfig/3f7329c5293ffd510edef78f73874cfd-le64.cache-7" address="0x7f6c70ae8000" size="0x1000"/>
    <module path="/var/cache/fontconfig/0c9eb80ebd1c36541ebe2852d3bb0c49-le64.cache-7" address="0x7f6c70aea000" size="0x1000"/>
    <module path="/var/cache/fontconfig/85e0a52ce643a7ba2ae53e5d6949cead-le64.cache-7" address="0x7f6c70aec000" size="0x1000"/>
    <module path="/var/cache/fontconfig/f6e6e0a5c3d2f6ae0c0c2e0ecd42a997-le64.cache-7" address="0x7f6c70aee000" size="0x1000"/>
    <module path="/var/cache/fontconfig/6afa1bb216ce958c1589e297e8008489-le64.cache-7" address="0x7f6c70af8000" size="0x2000"/>
    <module path="/var/cache/fontconfig/7ef2298fde41cc6eeb7af42e48b7d293-le64.cache-7" address="0x7f6c70afd000" size="0x4000"/>
    <module path="/usr/lib/x86_64-linux-gnu/gconv/gconv-modules.cache" address="0x7f6c70b13000" size="0x7000"/>
    <module path="/lib/x86_64-linux-gnu/ld-2.27.so" address="0x7f6c70b1b000" size="0x1000" version="2.27"/>
    <module path="[stack]" address="0x7fffa6084000" size="0x52000"/>
    <module path="[vdso]" address="0x7fffa61fa000" size="0x2000"/>
  </modules>
  <stack>
    <frame level="0" function="handleCrash(void*)" offset="0x140" address="0x55adcb406f50" module="/home/techplex/Documents/xLights-2020.19-x86_64.AppImage"/>
    <frame level="1" offset="0x1b9d3c" address="0x7f6c6ad8fd3c" module="/tmp/.mount_xLight3nfgq2/usr/bin/../lib/libwx_baseu-3.1.so.3"/>
    <frame level="2" offset="0x12890" address="0x7f6c68c12890" module="/lib/x86_64-linux-gnu/libpthread.so.0"/>
    <frame level="3" offset="0x18adb4" address="0x7f6c68999db4" module="/lib/x86_64-linux-gnu/libc.so.6"/>
    <frame level="4" function="std::_Rb_tree&lt;std::__cxx11::basic_string&lt;char, std::char_traits&lt;char&gt;, std::allocator&lt;char&gt; &gt;, std::pair&lt;std::__cxx11::basic_string&lt;char, std::char_traits&lt;char&gt;, std::allocator&lt;char&gt; &gt; const, std::__cxx11::basic_string&lt;char, std::char_traits&lt;char&gt;, std::allocator&lt;char&gt; &gt; &gt;, std::_Select1st&lt;std::pair&lt;std::__cxx11::basic_string&lt;char, std::char_traits&lt;char&gt;, std::allocator&lt;char&gt; &gt; const, std::__cxx11::basic_string&lt;char, std::char_traits&lt;char&gt;, std::allocator&lt;char&gt; &gt; &gt; &gt;, std::less&lt;std::__cxx11::basic_string&lt;char, std::char_traits&lt;char&gt;, std::allocator&lt;char&gt; &gt; &gt;, std::allocator&lt;std::pair&lt;std::__cxx11::basic_string&lt;char, std::char_traits&lt;char&gt;, std::allocator&lt;char&gt; &gt; const, std::__cxx11::basic_string&lt;char, std::char_traits&lt;char&gt;, std::allocator&lt;char&gt; &gt; &gt; &gt; &gt;::find(std::__cxx11::basic_string&lt;char, std::char_traits&lt;char&gt;, std::allocator&lt;char&gt; &gt; const&amp;) const" offset="0x3c" address="0x55adcb1d135c" module="/home/techplex/Documents/xLights-2020.19-x86_64.AppImage"/>
    <frame level="5" function="RenderableEffect::GetValueCurveInt(std::__cxx11::basic_string&lt;char, std::char_traits&lt;char&gt;, std::allocator&lt;char&gt; &gt; const&amp;, int, SettingsMap&amp;, float, int, int, long, long, int)" offset="0x6b" address="0x55adcba7b3ab" module="/home/techplex/Documents/xLights-2020.19-x86_64.AppImage"/>
    <frame level="6" function="ShapeEffect::Render(Effect*, SettingsMap&amp;, RenderBuffer&amp;)" offset="0x319" address="0x55adcb9fb589" module="/home/techplex/Documents/xLights-2020.19-x86_64.AppImage"/>
    <frame level="7" function="xLightsFrame::RenderEffectFromMap(bool, Effect*, int, int, SettingsMap&amp;, PixelBufferClass&amp;, bool&amp;, bool, RenderEvent*)" offset="0xe2d" address="0x55adcb757bed" module="/home/techplex/Documents/xLights-2020.19-x86_64.AppImage"/>
    <frame level="8" function="xLightsFrame::RenderEffectOnMainThread(RenderEvent*)" offset="0xf7" address="0x55adcb757ec7" module="/home/techplex/Documents/xLights-2020.19-x86_64.AppImage"/>
    <frame level="9" function="xLightsFrame::RenderMainThreadEffects()" offset="0x9d" address="0x55adcb757f9d" module="/home/techplex/Documents/xLights-2020.19-x86_64.AppImage"/>
    <frame level="10" function="xLightsFrame::UpdateRenderStatus()" offset="0x3a" address="0x55adcb7580ca" module="/home/techplex/Documents/xLights-2020.19-x86_64.AppImage"/>
    <frame level="11" function="xLightsFrame::OnEffectSettingsTimerTrigger(wxTimerEvent&amp;)" offset="0x79" address="0x55adcb539b99" module="/home/techplex/Documents/xLights-2020.19-x86_64.AppImage"/>
    <frame level="12" function="wxAppConsoleBase::CallEventHandler(wxEvtHandler*, wxEventFunctor&amp;, wxEvent&amp;) const" offset="0x3e" address="0x7f6c6ac42b3e" module="/tmp/.mount_xLight3nfgq2/usr/bin/../lib/libwx_baseu-3.1.so.3"/>
    <frame level="13" function="wxEvtHandler::ProcessEventIfMatchesId(wxEventTableEntryBase const&amp;, wxEvtHandler*, wxEvent&amp;)" offset="0x55" address="0x7f6c6adba205" module="/tmp/.mount_xLight3nfgq2/usr/bin/../lib/libwx_baseu-3.1.so.3"/>
    <frame level="14" function="wxEvtHandler::SearchDynamicEventTable(wxEvent&amp;)" offset="0x122" address="0x7f6c6adbae72" module="/tmp/.mount_xLight3nfgq2/usr/bin/../lib/libwx_baseu-3.1.so.3"/>
    <frame level="15" function="wxEvtHandler::TryHereOnly(wxEvent&amp;)" offset="0x1f" address="0x7f6c6adbb1ff" module="/tmp/.mount_xLight3nfgq2/usr/bin/../lib/libwx_baseu-3.1.so.3"/>
    <frame level="16" function="wxEvtHandler::ProcessEventLocally(wxEvent&amp;)" offset="0x2a" address="0x7f6c6adbb2aa" module="/tmp/.mount_xLight3nfgq2/usr/bin/../lib/libwx_baseu-3.1.so.3"/>
    <frame level="17" function="wxEvtHandler::ProcessEvent(wxEvent&amp;)" offset="0x45" address="0x7f6c6adbb335" module="/tmp/.mount_xLight3nfgq2/usr/bin/../lib/libwx_baseu-3.1.so.3"/>
    <frame level="18" function="wxEvtHandler::SafelyProcessEvent(wxEvent&amp;)" offset="0x7" address="0x7f6c6adbc367" module="/tmp/.mount_xLight3nfgq2/usr/bin/../lib/libwx_baseu-3.1.so.3"/>
    <frame level="19" function="wxTimerImpl::SendEvent()" offset="0x61" address="0x7f6c6ad23b21" module="/tmp/.mount_xLight3nfgq2/usr/bin/../lib/libwx_baseu-3.1.so.3"/>
    <frame level="20" offset="0x342deb" address="0x7f6c6b821deb" module="/tmp/.mount_xLight3nfgq2/usr/bin/../lib/libwx_gtk3u_core-3.1.so.3"/>
    <frame level="21" offset="0x4cd03" address="0x7f6c69e7fd03" module="/usr/lib/x86_64-linux-gnu/libglib-2.0.so.0"/>
    <frame level="22" function="g_main_context_dispatch" offset="0x155" address="0x7f6c69e7f285" module="/usr/lib/x86_64-linux-gnu/libglib-2.0.so.0"/>
    <frame level="23" offset="0x4c650" address="0x7f6c69e7f650" module="/usr/lib/x86_64-linux-gnu/libglib-2.0.so.0"/>
    <frame level="24" function="g_main_context_iteration" offset="0x2c" address="0x7f6c69e7f6dc" module="/usr/lib/x86_64-linux-gnu/libglib-2.0.so.0"/>
    <frame level="25" function="gtk_main_iteration" offset="0x15" address="0x7f6c5d9c1df5" module="/tmp/.mount_xLight3nfgq2/usr/bin/../lib/libgtk-3.so.0"/>
    <frame level="26" function="wxGUIEventLoop::DoYieldFor(long)" offset="0x2d" address="0x7f6c6b80e56d" module="/tmp/.mount_xLight3nfgq2/usr/bin/../lib/libwx_gtk3u_core-3.1.so.3"/>
    <frame level="27" function="wxEventLoopBase::YieldFor(long)" offset="0x51" address="0x7f6c6ac80fd1" module="/tmp/.mount_xLight3nfgq2/usr/bin/../lib/libwx_baseu-3.1.so.3"/>
    <frame level="28" function="wxGenericProgressDialog::DoBeforeUpdate(bool*)" offset="0x21" address="0x7f6c6ba7b7d1" module="/tmp/.mount_xLight3nfgq2/usr/bin/../lib/libwx_gtk3u_core-3.1.so.3"/>
    <frame level="29" function="wxGenericProgressDialog::Update(int, wxString const&amp;, bool*)" offset="0x25" address="0x7f6c6ba7da85" module="/tmp/.mount_xLight3nfgq2/usr/bin/../lib/libwx_gtk3u_core-3.1.so.3"/>
    <frame level="30" function="EffectsGrid::FillRandomEffects()" offset="0x390" address="0x55adcb1ebb10" module="/home/techplex/Documents/xLights-2020.19-x86_64.AppImage"/>
    <frame level="31" function="EffectsGrid::OnGridPopup(wxCommandEvent&amp;)" offset="0x395" address="0x55adcb201805" module="/home/techplex/Documents/xLights-2020.19-x86_64.AppImage"/>
    <frame level="32" function="wxAppConsoleBase::CallEventHandler(wxEvtHandler*, wxEventFunctor&amp;, wxEvent&amp;) const" offset="0x3e" address="0x7f6c6ac42b3e" module="/tmp/.mount_xLight3nfgq2/usr/bin/../lib/libwx_baseu-3.1.so.3"/>
    <frame level="33" function="wxEvtHandler::ProcessEventIfMatchesId(wxEventTableEntryBase const&amp;, wxEvtHandler*, wxEvent&amp;)" offset="0x55" address="0x7f6c6adba205" module="/tmp/.mount_xLight3nfgq2/usr/bin/../lib/libwx_baseu-3.1.so.3"/>
    <frame level="34" function="wxEvtHandler::SearchDynamicEventTable(wxEvent&amp;)" offset="0x122" address="0x7f6c6adbae72" module="/tmp/.mount_xLight3nfgq2/usr/bin/../lib/libwx_baseu-3.1.so.3"/>
    <frame level="35" function="wxEvtHandler::TryHereOnly(wxEvent&amp;)" offset="0x1f" address="0x7f6c6adbb1ff" module="/tmp/.mount_xLight3nfgq2/usr/bin/../lib/libwx_baseu-3.1.so.3"/>
    <frame level="36" function="wxEvtHandler::ProcessEventLocally(wxEvent&amp;)" offset="0x2a" address="0x7f6c6adbb2aa" module="/tmp/.mount_xLight3nfgq2/usr/bin/../lib/libwx_baseu-3.1.so.3"/>
    <frame level="37" function="wxEvtHandler::ProcessEvent(wxEvent&amp;)" offset="0x45" address="0x7f6c6adbb335" module="/tmp/.mount_xLight3nfgq2/usr/bin/../lib/libwx_baseu-3.1.so.3"/>
    <frame level="38" function="wxEvtHandler::SafelyProcessEvent(wxEvent&amp;)" offset="0x7" address="0x7f6c6adbc367" module="/tmp/.mount_xLight3nfgq2/usr/bin/../lib/libwx_baseu-3.1.so.3"/>
    <frame level="39" function="wxMenuBase::DoProcessEvent(wxMenuBase*, wxEvent&amp;, wxWindow*)" offset="0x67" address="0x7f6c6b9c0317" module="/tmp/.mount_xLight3nfgq2/usr/bin/../lib/libwx_gtk3u_core-3.1.so.3"/>
    <frame level="40" function="wxMenuBase::SendEvent(int, int)" offset="0xb5" address="0x7f6c6b9c0585" module="/tmp/.mount_xLight3nfgq2/usr/bin/../lib/libwx_gtk3u_core-3.1.so.3"/>
    <frame level="41" offset="0x3b729b" address="0x7f6c6b89629b" module="/tmp/.mount_xLight3nfgq2/usr/bin/../lib/libwx_gtk3u_core-3.1.so.3"/>
    <frame level="42" function="g_closure_invoke" offset="0x19d" address="0x7f6c6a15a10d" module="/usr/lib/x86_64-linux-gnu/libgobject-2.0.so.0"/>
    <frame level="43" offset="0x2305e" address="0x7f6c6a16d05e" module="/usr/lib/x86_64-linux-gnu/libgobject-2.0.so.0"/>
    <frame level="44" function="g_signal_emit_valist" offset="0xa75" address="0x7f6c6a175715" module="/usr/lib/x86_64-linux-gnu/libgobject-2.0.so.0"/>
    <frame level="45" function="g_signal_emit" offset="0x8f" address="0x7f6c6a17612f" module="/usr/lib/x86_64-linux-gnu/libgobject-2.0.so.0"/>
    <frame level="46" function="gtk_widget_activate" offset="0x6e" address="0x7f6c5db12a7e" module="/tmp/.mount_xLight3nfgq2/usr/bin/../lib/libgtk-3.so.0"/>
    <frame level="47" function="gtk_menu_shell_activate_item" offset="0x106" address="0x7f6c5d9e08a6" module="/tmp/.mount_xLight3nfgq2/usr/bin/../lib/libgtk-3.so.0"/>
    <frame level="48" offset="0x24cbdb" address="0x7f6c5d9e0bdb" module="/tmp/.mount_xLight3nfgq2/usr/bin/../lib/libgtk-3.so.0"/>
    <frame level="49" offset="0x22fba1" address="0x7f6c5d9c3ba1" module="/tmp/.mount_xLight3nfgq2/usr/bin/../lib/libgtk-3.so.0"/>
    <frame level="50" offset="0x10346" address="0x7f6c6a15a346" module="/usr/lib/x86_64-linux-gnu/libgobject-2.0.so.0"/>
    <frame level="51" function="g_signal_emit_valist" offset="0x72d" address="0x7f6c6a1753cd" module="/usr/lib/x86_64-linux-gnu/libgobject-2.0.so.0"/>
    <frame level="52" function="g_signal_emit" offset="0x8f" address="0x7f6c6a17612f" module="/usr/lib/x86_64-linux-gnu/libgobject-2.0.so.0"/>
    <frame level="53" offset="0x37c57c" address="0x7f6c5db1057c" module="/tmp/.mount_xLight3nfgq2/usr/bin/../lib/libgtk-3.so.0"/>
    <frame level="54" offset="0x22cb2e" address="0x7f6c5d9c0b2e" module="/tmp/.mount_xLight3nfgq2/usr/bin/../lib/libgtk-3.so.0"/>
    <frame level="55" function="gtk_main_do_event" offset="0x79e" address="0x7f6c5d9c2bee" module="/tmp/.mount_xLight3nfgq2/usr/bin/../lib/libgtk-3.so.0"/>
    <frame level="56" offset="0x36e15" address="0x7f6c5d4c9e15" module="/tmp/.mount_xLight3nfgq2/usr/bin/../lib/libgdk-3.so.0"/>
    <frame level="57" offset="0x67ea2" address="0x7f6c5d4faea2" module="/tmp/.mount_xLight3nfgq2/usr/bin/../lib/libgdk-3.so.0"/>
    <frame level="58" function="g_main_context_dispatch" offset="0x2e7" address="0x7f6c69e7f417" module="/usr/lib/x86_64-linux-gnu/libglib-2.0.so.0"/>
    <frame level="59" offset="0x4c650" address="0x7f6c69e7f650" module="/usr/lib/x86_64-linux-gnu/libglib-2.0.so.0"/>
    <frame level="60" function="g_main_context_iteration" offset="0x2c" address="0x7f6c69e7f6dc" module="/usr/lib/x86_64-linux-gnu/libglib-2.0.so.0"/>
    <frame level="61" function="gtk_main_iteration" offset="0x15" address="0x7f6c5d9c1df5" module="/tmp/.mount_xLight3nfgq2/usr/bin/../lib/libgtk-3.so.0"/>
    <frame level="62" function="wxWindow::DoPopupMenu(wxMenu*, int, int)" offset="0xad" address="0x7f6c6b82a99d" module="/tmp/.mount_xLight3nfgq2/usr/bin/../lib/libwx_gtk3u_core-3.1.so.3"/>
    <frame level="63" function="wxWindowBase::PopupMenu(wxMenu*, int, int)" offset="0x43" address="0x7f6c6ba236b3" module="/tmp/.mount_xLight3nfgq2/usr/bin/../lib/libwx_gtk3u_core-3.1.so.3"/>
    <frame level="64" function="EffectsGrid::rightClick(wxMouseEvent&amp;)" offset="0xe15" address="0x55adcb200035" module="/home/techplex/Documents/xLights-2020.19-x86_64.AppImage"/>
    <frame level="65" function="wxAppConsoleBase::CallEventHandler(wxEvtHandler*, wxEventFunctor&amp;, wxEvent&amp;) const" offset="0x3e" address="0x7f6c6ac42b3e" module="/tmp/.mount_xLight3nfgq2/usr/bin/../lib/libwx_baseu-3.1.so.3"/>
    <frame level="66" function="wxEvtHandler::ProcessEventIfMatchesId(wxEventTableEntryBase const&amp;, wxEvtHandler*, wxEvent&amp;)" offset="0x55" address="0x7f6c6adba205" module="/tmp/.mount_xLight3nfgq2/usr/bin/../lib/libwx_baseu-3.1.so.3"/>
    <frame level="67" function="wxEventHashTable::HandleEvent(wxEvent&amp;, wxEvtHandler*)" offset="0x83" address="0x7f6c6adbb1b3" module="/tmp/.mount_xLight3nfgq2/usr/bin/../lib/libwx_baseu-3.1.so.3"/>
    <frame level="68" function="wxEvtHandler::TryHereOnly(wxEvent&amp;)" offset="0x48" address="0x7f6c6adbb228" module="/tmp/.mount_xLight3nfgq2/usr/bin/../lib/libwx_baseu-3.1.so.3"/>
    <frame level="69" function="wxEvtHandler::ProcessEventLocally(wxEvent&amp;)" offset="0x2a" address="0x7f6c6adbb2aa" module="/tmp/.mount_xLight3nfgq2/usr/bin/../lib/libwx_baseu-3.1.so.3"/>
    <frame level="70" function="wxEvtHandler::ProcessEvent(wxEvent&amp;)" offset="0x45" address="0x7f6c6adbb335" module="/tmp/.mount_xLight3nfgq2/usr/bin/../lib/libwx_baseu-3.1.so.3"/>
    <frame level="71" function="wxEvtHandler::SafelyProcessEvent(wxEvent&amp;)" offset="0x7" address="0x7f6c6adbc367" module="/tmp/.mount_xLight3nfgq2/usr/bin/../lib/libwx_baseu-3.1.so.3"/>
    <frame level="72" offset="0x353f65" address="0x7f6c6b832f65" module="/tmp/.mount_xLight3nfgq2/usr/bin/../lib/libwx_gtk3u_core-3.1.so.3"/>
    <frame level="73" offset="0x22faac" address="0x7f6c5d9c3aac" module="/tmp/.mount_xLight3nfgq2/usr/bin/../lib/libgtk-3.so.0"/>
    <frame level="74" function="g_closure_invoke" offset="0x19d" address="0x7f6c6a15a10d" module="/usr/lib/x86_64-linux-gnu/libgobject-2.0.so.0"/>
    <frame level="75" offset="0x2305e" address="0x7f6c6a16d05e" module="/usr/lib/x86_64-linux-gnu/libgobject-2.0.so.0"/>
    <frame level="76" function="g_signal_emit_valist" offset="0x40f" address="0x7f6c6a1750af" module="/usr/lib/x86_64-linux-gnu/libgobject-2.0.so.0"/>
    <frame level="77" function="g_signal_emit" offset="0x8f" address="0x7f6c6a17612f" module="/usr/lib/x86_64-linux-gnu/libgobject-2.0.so.0"/>
    <frame level="78" offset="0x37c57c" address="0x7f6c5db1057c" module="/tmp/.mount_xLight3nfgq2/usr/bin/../lib/libgtk-3.so.0"/>
    <frame level="79" offset="0x22cb2e" address="0x7f6c5d9c0b2e" module="/tmp/.mount_xLight3nfgq2/usr/bin/../lib/libgtk-3.so.0"/>
    <frame level="80" function="gtk_main_do_event" offset="0x79e" address="0x7f6c5d9c2bee" module="/tmp/.mount_xLight3nfgq2/usr/bin/../lib/libgtk-3.so.0"/>
    <frame level="81" offset="0x36e15" address="0x7f6c5d4c9e15" module="/tmp/.mount_xLight3nfgq2/usr/bin/../lib/libgdk-3.so.0"/>
    <frame level="82" offset="0x67ea2" address="0x7f6c5d4faea2" module="/tmp/.mount_xLight3nfgq2/usr/bin/../lib/libgdk-3.so.0"/>
    <frame level="83" function="g_main_context_dispatch" offset="0x2e7" address="0x7f6c69e7f417" module="/usr/lib/x86_64-linux-gnu/libglib-2.0.so.0"/>
    <frame level="84" offset="0x4c650" address="0x7f6c69e7f650" module="/usr/lib/x86_64-linux-gnu/libglib-2.0.so.0"/>
    <frame level="85" function="g_main_loop_run" offset="0xc2" address="0x7f6c69e7f962" module="/usr/lib/x86_64-linux-gnu/libglib-2.0.so.0"/>
    <frame level="86" function="gtk_main" offset="0x85" address="0x7f6c5d9c1d55" module="/tmp/.mount_xLight3nfgq2/usr/bin/../lib/libgtk-3.so.0"/>
    <frame level="87" function="wxGUIEventLoop::DoRun()" offset="0x25" address="0x7f6c6b80da95" module="/tmp/.mount_xLight3nfgq2/usr/bin/../lib/libwx_gtk3u_core-3.1.so.3"/>
    <frame level="88" function="wxEventLoopBase::Run()" offset="0x83" address="0x7f6c6ac80c53" module="/tmp/.mount_xLight3nfgq2/usr/bin/../lib/libwx_baseu-3.1.so.3"/>
    <frame level="89" function="wxAppConsoleBase::MainLoop()" offset="0x56" address="0x7f6c6ac49bf6" module="/tmp/.mount_xLight3nfgq2/usr/bin/../lib/libwx_baseu-3.1.so.3"/>
    <frame level="90" function="wxEntry(int&amp;, wchar_t**)" offset="0x70" address="0x7f6c6acd0e00" module="/tmp/.mount_xLight3nfgq2/usr/bin/../lib/libwx_baseu-3.1.so.3"/>
    <frame level="91" function="main" offset="0xa4" address="0x55adcb032c94" module="/home/techplex/Documents/xLights-2020.19-x86_64.AppImage"/>
    <frame level="92" function="__libc_start_main" offset="0xe7" address="0x7f6c68830b97" module="/lib/x86_64-linux-gnu/libc.so.6"/>
    <frame level="93" function="_start" offset="0x2a" address="0x55adcb06ff6a" module="/home/techplex/Documents/xLights-2020.19-x86_64.AppImage"/>
  </stack>
</report>
