<?xml version="1.0" encoding="UTF-8"?>
<report version="1.0" kind="exception">
  <system description="Linux 4.15.0-99-generic x86_64"/>
  <modules>
    <module path="/tmp/.mount_xLightA6Yx7k/usr/bin/xLights" address="0x564e09fe2000" size="0x1d50000"/>
    <module path="/tmp/.mount_xLightA6Yx7k/usr/bin/xLights" address="0x564e0bfd1000" size="0x16b000"/>
    <module path="/tmp/.mount_xLightA6Yx7k/usr/bin/xLights" address="0x564e0c160000" size="0x118000"/>
    <module path="/i915" address="0x7f7679ffe000" size="0x7000000"/>
    <module path="/memfd:xshmfence" address="0x7f76a016f000" size="0x1000"/>
    <module path="/memfd:xshmfence" address="0x7f76a0179000" size="0x1000"/>
    <module path="/i915" address="0x7f76a0183000" size="0x1000"/>
    <module path="/i915" address="0x7f76a0185000" size="0x1000"/>
    <module path="/i915" address="0x7f76a018f000" size="0x1000"/>
    <module path="/i915" address="0x7f76a019a000" size="0x6000"/>
    <module path="/i915" address="0x7f76a01a4000" size="0x7000"/>
    <module path="/i915" address="0x7f76a01c3000" size="0xa000"/>
    <module path="/i915" address="0x7f76a01dd000" size="0x4000"/>
    <module path="/i915" address="0x7f76a01eb000" size="0x4000"/>
    <module path="/i915" address="0x7f76a0201000" size="0xa000"/>
    <module path="/i915" address="0x7f76a021f000" size="0xa000"/>
    <module path="/i915" address="0x7f76a022d000" size="0xa000"/>
    <module path="/i915" address="0x7f76a0241000" size="0x10000"/>
    <module path="/i915" address="0x7f76a0263000" size="0x4000"/>
    <module path="/i915" address="0x7f76a0271000" size="0x4000"/>
    <module path="/i915" address="0x7f76a0287000" size="0x10000"/>
    <module path="/i915" address="0x7f76a029f000" size="0x8000"/>
    <module path="/i915" address="0x7f76a02af000" size="0x8000"/>
    <module path="/i915" address="0x7f76a02bf000" size="0x8000"/>
    <module path="/i915" address="0x7f76a02cf000" size="0x8000"/>
    <module path="/i915" address="0x7f76a02df000" size="0x8000"/>
    <module path="/i915" address="0x7f76a02ef000" size="0x8000"/>
    <module path="/i915" address="0x7f76a02ff000" size="0x8000"/>
    <module path="/i915" address="0x7f76a030f000" size="0x8000"/>
    <module path="/i915" address="0x7f76a031f000" size="0x8000"/>
    <module path="/i915" address="0x7f76a032f000" size="0x8000"/>
    <module path="/i915" address="0x7f76a033f000" size="0x8000"/>
    <module path="/i915" address="0x7f76a034f000" size="0x8000"/>
    <module path="/i915" address="0x7f76a035f000" size="0x8000"/>
    <module path="/usr/lib/x86_64-linux-gnu/gio/modules/libdconfsettings.so" address="0x7f76a1569000" size="0xc000" version="gnu/gio/modules/libdconfsettings"/>
    <module path="/usr/lib/x86_64-linux-gnu/gio/modules/libdconfsettings.so" address="0x7f76a1774000" size="0x1000" version="gnu/gio/modules/libdconfsettings"/>
    <module path="/usr/lib/x86_64-linux-gnu/gio/modules/libgioremote-volume-monitor.so" address="0x7f76a1776000" size="0x1a000" version="monitor"/>
    <module path="/usr/lib/x86_64-linux-gnu/gio/modules/libgioremote-volume-monitor.so" address="0x7f76a198f000" size="0x3000" version="monitor"/>
    <module path="/lib/x86_64-linux-gnu/libnss_dns-2.27.so" address="0x7f76a1993000" size="0x5000" version="2.27"/>
    <module path="/lib/x86_64-linux-gnu/libnss_dns-2.27.so" address="0x7f76a1b98000" size="0x1000" version="2.27"/>
    <module path="/lib/x86_64-linux-gnu/libnss_mdns4_minimal.so.2" address="0x7f76a1b9a000" size="0x2000" version="2"/>
    <module path="/lib/x86_64-linux-gnu/libnss_mdns4_minimal.so.2" address="0x7f76a1d9b000" size="0x1000" version="2"/>
    <module path="/SYSV00000000" address="0x7f76a1d9d000" size="0x2000000"/>
    <module path="/i915" address="0x7f76b0000000" size="0x3000"/>
    <module path="/i915" address="0x7f76b000b000" size="0x8000"/>
    <module path="/i915" address="0x7f76b001b000" size="0x8000"/>
    <module path="/i915" address="0x7f76b002b000" size="0x8000"/>
    <module path="/i915" address="0x7f76b003b000" size="0x8000"/>
    <module path="/i915" address="0x7f76b004b000" size="0x8000"/>
    <module path="/i915" address="0x7f76b005b000" size="0x8000"/>
    <module path="/i915" address="0x7f76b006b000" size="0x8000"/>
    <module path="/i915" address="0x7f76b007b000" size="0x8000"/>
    <module path="/i915" address="0x7f76b008b000" size="0x8000"/>
    <module path="/i915" address="0x7f76b009b000" size="0x8000"/>
    <module path="/i915" address="0x7f76b00ab000" size="0x8000"/>
    <module path="/i915" address="0x7f76b00bb000" size="0x8000"/>
    <module path="/i915" address="0x7f76b00cb000" size="0x4000"/>
    <module path="/usr/share/glib-2.0/schemas/gschemas.compiled" address="0x7f76b00eb000" size="0x4e000"/>
    <module path="/usr/share/fonts/truetype/dejavu/DejaVuSans.ttf" address="0x7f76b2a9c000" size="0xb9000"/>
    <module path="/i915" address="0x7f76b2c16000" size="0x8000"/>
    <module path="/i915" address="0x7f76b2c2e000" size="0x8000"/>
    <module path="/i915" address="0x7f76b2c46000" size="0x8000"/>
    <module path="/usr/share/fonts/truetype/noto/NotoColorEmoji.ttf" address="0x7f76b2c56000" size="0x763000"/>
    <module path="/home/techplex/.cache/mesa_shader_cache/index" address="0x7f76b3ebf000" size="0x141000"/>
    <module path="/i915" address="0x7f76bc000000" size="0x1000"/>
    <module path="/i915" address="0x7f76bc002000" size="0x4000"/>
    <module path="/i915" address="0x7f76bc016000" size="0x4000"/>
    <module path="/usr/lib/x86_64-linux-gnu/libpciaccess.so.0.11.1" address="0x7f76bc06e000" size="0x8000" version="0.11.1"/>
    <module path="/usr/lib/x86_64-linux-gnu/libpciaccess.so.0.11.1" address="0x7f76bc275000" size="0x1000" version="0.11.1"/>
    <module path="/usr/lib/x86_64-linux-gnu/libdrm_nouveau.so.2.0.0" address="0x7f76bc277000" size="0x7000" version="2.0.0"/>
    <module path="/usr/lib/x86_64-linux-gnu/libdrm_nouveau.so.2.0.0" address="0x7f76bc47d000" size="0x1000" version="2.0.0"/>
    <module path="/usr/lib/x86_64-linux-gnu/libdrm_radeon.so.1.0.1" address="0x7f76bc47f000" size="0xb000" version="1.0.1"/>
    <module path="/usr/lib/x86_64-linux-gnu/libdrm_radeon.so.1.0.1" address="0x7f76bc689000" size="0x1000" version="1.0.1"/>
    <module path="/usr/lib/x86_64-linux-gnu/libdrm_intel.so.1.0.0" address="0x7f76bc68b000" size="0x22000" version="1.0.0"/>
    <module path="/usr/lib/x86_64-linux-gnu/libdrm_intel.so.1.0.0" address="0x7f76bc8ac000" size="0x1000" version="1.0.0"/>
    <module path="/usr/lib/x86_64-linux-gnu/dri/i965_dri.so" address="0x7f76bc8ae000" size="0xaed000" version="gnu/dri/i965_dri"/>
    <module path="/usr/lib/x86_64-linux-gnu/dri/i965_dri.so" address="0x7f76bd59b000" size="0x95000" version="gnu/dri/i965_dri"/>
    <module path="/usr/lib/x86_64-linux-gnu/libxshmfence.so.1.0.0" address="0x7f76bd74a000" size="0x1000" version="1.0.0"/>
    <module path="/usr/lib/x86_64-linux-gnu/libxshmfence.so.1.0.0" address="0x7f76bd94a000" size="0x1000" version="1.0.0"/>
    <module path="/usr/lib/x86_64-linux-gnu/libxcb-sync.so.1.0.0" address="0x7f76bd94c000" size="0x5000" version="1.0.0"/>
    <module path="/usr/lib/x86_64-linux-gnu/libxcb-sync.so.1.0.0" address="0x7f76bdb51000" size="0x1000" version="1.0.0"/>
    <module path="/usr/lib/x86_64-linux-gnu/libxcb-present.so.0.0.0" address="0x7f76bdb53000" size="0x2000" version="0.0.0"/>
    <module path="/usr/lib/x86_64-linux-gnu/libxcb-present.so.0.0.0" address="0x7f76bdd54000" size="0x1000" version="0.0.0"/>
    <module path="/usr/lib/x86_64-linux-gnu/libxcb-dri3.so.0.0.0" address="0x7f76bdd56000" size="0x3000" version="0.0.0"/>
    <module path="/usr/lib/x86_64-linux-gnu/libxcb-dri3.so.0.0.0" address="0x7f76bdf58000" size="0x1000" version="0.0.0"/>
    <module path="/usr/lib/x86_64-linux-gnu/libxcb-dri2.so.0.0.0" address="0x7f76bdf5a000" size="0x4000" version="0.0.0"/>
    <module path="/usr/lib/x86_64-linux-gnu/libxcb-dri2.so.0.0.0" address="0x7f76be15d000" size="0x1000" version="0.0.0"/>
    <module path="/usr/lib/x86_64-linux-gnu/libxcb-glx.so.0.0.0" address="0x7f76be15f000" size="0x18000" version="0.0.0"/>
    <module path="/usr/lib/x86_64-linux-gnu/libxcb-glx.so.0.0.0" address="0x7f76be377000" size="0x2000" version="0.0.0"/>
    <module path="/usr/lib/x86_64-linux-gnu/libglapi.so.0.0.0" address="0x7f76be37a000" size="0x2f000" version="0.0.0"/>
    <module path="/usr/lib/x86_64-linux-gnu/libglapi.so.0.0.0" address="0x7f76be5a9000" size="0x4000" version="0.0.0"/>
    <module path="/usr/lib/x86_64-linux-gnu/libGLX_mesa.so.0.0.0" address="0x7f76be5af000" size="0x73000" version="0.0.0"/>
    <module path="/usr/lib/x86_64-linux-gnu/libGLX_mesa.so.0.0.0" address="0x7f76be822000" size="0x3000" version="0.0.0"/>
    <module path="/usr/lib/x86_64-linux-gnu/libcroco-0.6.so.3.0.1" address="0x7f76be827000" size="0x37000" version="3.0.1"/>
    <module path="/usr/lib/x86_64-linux-gnu/libcroco-0.6.so.3.0.1" address="0x7f76bea5e000" size="0x3000" version="3.0.1"/>
    <module path="/usr/lib/x86_64-linux-gnu/librsvg-2.so.2.40.20" address="0x7f76bea62000" size="0x36000" version="2.40.20"/>
    <module path="/usr/lib/x86_64-linux-gnu/librsvg-2.so.2.40.20" address="0x7f76bec98000" size="0x1000" version="2.40.20"/>
    <module path="/i915" address="0x7f76bec9a000" size="0xa000"/>
    <module path="/i915" address="0x7f76beca8000" size="0x8000"/>
    <module path="/i915" address="0x7f76becb4000" size="0xa000"/>
    <module path="/i915" address="0x7f76becc6000" size="0xa000"/>
    <module path="/usr/lib/x86_64-linux-gnu/gdk-pixbuf-2.0/2.10.0/loaders/libpixbufloader-svg.so" address="0x7f76becd2000" size="0x1ff000" version="svg"/>
    <module path="/usr/lib/x86_64-linux-gnu/gdk-pixbuf-2.0/2.10.0/loaders/libpixbufloader-svg.so" address="0x7f76beed2000" size="0x1000" version="svg"/>
    <module path="/usr/lib/x86_64-linux-gnu/gdk-pixbuf-2.0/2.10.0/loaders/libpixbufloader-png.so" address="0x7f76bef43000" size="0x5000" version="png"/>
    <module path="/usr/lib/x86_64-linux-gnu/gdk-pixbuf-2.0/2.10.0/loaders/libpixbufloader-png.so" address="0x7f76bf147000" size="0x1000" version="png"/>
    <module path="/usr/share/icons/Mint-X/icon-theme.cache" address="0x7f76bf149000" size="0x5a000"/>
    <module path="/lib/x86_64-linux-gnu/libnss_systemd.so.2" address="0x7f76bf1de000" size="0x1ff000" version="2"/>
    <module path="/lib/x86_64-linux-gnu/libnss_systemd.so.2" address="0x7f76bf3e0000" size="0x1000" version="2"/>
    <module path="/lib/x86_64-linux-gnu/libnss_files-2.27.so" address="0x7f76bf3ec000" size="0x1ff000" version="2.27"/>
    <module path="/lib/x86_64-linux-gnu/libnss_files-2.27.so" address="0x7f76bf5ec000" size="0x1000" version="2.27"/>
    <module path="/lib/x86_64-linux-gnu/libnss_nis-2.27.so" address="0x7f76bf5f3000" size="0xb000" version="2.27"/>
    <module path="/lib/x86_64-linux-gnu/libnss_nis-2.27.so" address="0x7f76bf7fd000" size="0x1000" version="2.27"/>
    <module path="/memfd:pulseaudio" address="0x7f76c8000000" size="0x4000000"/>
    <module path="/memfd:pulseaudio" address="0x7f76d0000000" size="0x4000000"/>
    <module path="/memfd:xshmfence" address="0x7f76dc000000" size="0x1000"/>
    <module path="/memfd:xshmfence" address="0x7f76dc002000" size="0x1000"/>
    <module path="/home/techplex/.config/dconf/user" address="0x7f76dc007000" size="0x8000"/>
    <module path="/usr/share/fonts/truetype/noto/NotoSans-Regular.ttf" address="0x7f76dc035000" size="0x70000"/>
    <module path="/lib/x86_64-linux-gnu/libnss_compat-2.27.so" address="0x7f76dc0ad000" size="0x200000" version="2.27"/>
    <module path="/lib/x86_64-linux-gnu/libnss_compat-2.27.so" address="0x7f76dc2ae000" size="0x1000" version="2.27"/>
    <module path="/memfd:xshmfence" address="0x7f76dc2b0000" size="0x1000"/>
    <module path="/run/user/1000/dconf/user" address="0x7f76dc2b2000" size="0x1000"/>
    <module path="/home/techplex/.local/share/mime/mime.cache" address="0x7f76dc2b4000" size="0x1000"/>
    <module path="/var/lib/flatpak/exports/share/icons/hicolor/icon-theme.cache" address="0x7f76dc2be000" size="0x1000"/>
    <module path="/usr/share/icons/gnome/icon-theme.cache" address="0x7f76dc2c9000" size="0x1c000"/>
    <module path="/var/cache/fontconfig/945677eb7aeaf62f1d50efc3fb3ec7d8-le64.cache-7" address="0x7f76dc4e5000" size="0xb000"/>
    <module path="/var/cache/fontconfig/2300eef321c393bfd76478a5c0e95b23-le64.cache-7" address="0x7f76dc4f2000" size="0x5000"/>
    <module path="/var/cache/fontconfig/de156ccd2eddbdc19d37a45b8b2aac9c-le64.cache-7" address="0x7f76dc4f8000" size="0x4000"/>
    <module path="/var/cache/fontconfig/1ac9eb803944fde146138c791f5cc56a-le64.cache-7" address="0x7f76dc511000" size="0x1000"/>
    <module path="/var/cache/fontconfig/dc05db6664285cc2f12bf69c139ae4c3-le64.cache-7" address="0x7f76dc516000" size="0x1000"/>
    <module path="/var/cache/fontconfig/660208299946a285a940457d1287da33-le64.cache-7" address="0x7f76dc519000" size="0x1000"/>
    <module path="/var/cache/fontconfig/0bd3dc0958fa2205aaaa8ebb13e2872b-le64.cache-7" address="0x7f76dc51c000" size="0x4c000"/>
    <module path="/usr/lib/x86_64-linux-gnu/gvfs/libgvfscommon.so" address="0x7f76dd571000" size="0x36000" version="gnu/gvfs/libgvfscommon"/>
    <module path="/usr/lib/x86_64-linux-gnu/gvfs/libgvfscommon.so" address="0x7f76dd7a7000" size="0x6000" version="gnu/gvfs/libgvfscommon"/>
    <module path="/usr/lib/x86_64-linux-gnu/gio/modules/libgvfsdbus.so" address="0x7f76dd7ae000" size="0x31000" version="gnu/gio/modules/libgvfsdbus"/>
    <module path="/usr/lib/x86_64-linux-gnu/gio/modules/libgvfsdbus.so" address="0x7f76dd9df000" size="0x2000" version="gnu/gio/modules/libgvfsdbus"/>
    <module path="/memfd:pulseaudio" address="0x7f76dd9e2000" size="0x4000000"/>
    <module path="/memfd:pulseaudio" address="0x7f76e59e2000" size="0x4000000"/>
    <module path="/usr/lib/x86_64-linux-gnu/gconv/UTF-32.so" address="0x7f76ee1e3000" size="0x2000" version="32"/>
    <module path="/usr/lib/x86_64-linux-gnu/gconv/UTF-32.so" address="0x7f76ee3e5000" size="0x1000" version="32"/>
    <module path="/usr/lib/locale/locale-archive" address="0x7f76ee3e7000" size="0x2de000"/>
    <module path="/tmp/.mount_xLightA6Yx7k/usr/lib/libFLAC.so.8" address="0x7f76ee73a000" size="0x200000" version="8"/>
    <module path="/tmp/.mount_xLightA6Yx7k/usr/lib/libFLAC.so.8" address="0x7f76ee93b000" size="0x1000" version="8"/>
    <module path="/tmp/.mount_xLightA6Yx7k/usr/lib/liblz4.so.1" address="0x7f76ee940000" size="0x11000" version="1"/>
    <module path="/tmp/.mount_xLightA6Yx7k/usr/lib/liblz4.so.1" address="0x7f76eeb50000" size="0x1000" version="1"/>
    <module path="/tmp/.mount_xLightA6Yx7k/usr/lib/liblz4.so.1" address="0x7f76eeb52000" size="0x1000" version="1"/>
    <module path="/usr/lib/x86_64-linux-gnu/libgraphite2.so.3.0.1" address="0x7f76eeb7e000" size="0x1ff000" version="3.0.1"/>
    <module path="/usr/lib/x86_64-linux-gnu/libgraphite2.so.3.0.1" address="0x7f76eed7f000" size="0x1000" version="3.0.1"/>
    <module path="/lib/x86_64-linux-gnu/libblkid.so.1.1.0" address="0x7f76eedc7000" size="0x200000" version="1.1.0"/>
    <module path="/lib/x86_64-linux-gnu/libblkid.so.1.1.0" address="0x7f76eefcb000" size="0x1000" version="1.1.0"/>
    <module path="/usr/lib/x86_64-linux-gnu/libdatrie.so.1.3.3" address="0x7f76eefcd000" size="0x6000" version="1.3.3"/>
    <module path="/usr/lib/x86_64-linux-gnu/libdatrie.so.1.3.3" address="0x7f76ef1d2000" size="0x1000" version="1.3.3"/>
    <module path="/tmp/.mount_xLightA6Yx7k/usr/lib/libatspi.so.0" address="0x7f76ef1d4000" size="0x2d000" version="0"/>
    <module path="/tmp/.mount_xLightA6Yx7k/usr/lib/libatspi.so.0" address="0x7f76ef401000" size="0x3000" version="0"/>
    <module path="/tmp/.mount_xLightA6Yx7k/usr/lib/libatspi.so.0" address="0x7f76ef405000" size="0x5000" version="0"/>
    <module path="/tmp/.mount_xLightA6Yx7k/usr/lib/libasyncns.so.0" address="0x7f76ef40f000" size="0x1ff000" version="0"/>
    <module path="/tmp/.mount_xLightA6Yx7k/usr/lib/libasyncns.so.0" address="0x7f76ef60f000" size="0x1000" version="0"/>
    <module path="/tmp/.mount_xLightA6Yx7k/usr/lib/libsndfile.so.1" address="0x7f76ef611000" size="0x73000" version="1"/>
    <module path="/tmp/.mount_xLightA6Yx7k/usr/lib/libsndfile.so.1" address="0x7f76ef883000" size="0x3000" version="1"/>
    <module path="/tmp/.mount_xLightA6Yx7k/usr/lib/libsndfile.so.1" address="0x7f76ef889000" size="0x2000" version="1"/>
    <module path="/tmp/.mount_xLightA6Yx7k/usr/lib/libwrap.so.0" address="0x7f76ef893000" size="0x200000" version="0"/>
    <module path="/tmp/.mount_xLightA6Yx7k/usr/lib/libwrap.so.0" address="0x7f76efa94000" size="0x1000" version="0"/>
    <module path="/tmp/.mount_xLightA6Yx7k/usr/lib/libX11-xcb.so.1" address="0x7f76efa96000" size="0x1000" version="1"/>
    <module path="/tmp/.mount_xLightA6Yx7k/usr/lib/libX11-xcb.so.1" address="0x7f76efc96000" size="0x1000" version="1"/>
    <module path="/tmp/.mount_xLightA6Yx7k/usr/lib/libX11-xcb.so.1" address="0x7f76efc98000" size="0x1000" version="1"/>
    <module path="/tmp/.mount_xLightA6Yx7k/usr/lib/libicudata.so.57" address="0x7f76f1515000" size="0x1ff000" version="57"/>
    <module path="/tmp/.mount_xLightA6Yx7k/usr/lib/libicudata.so.57" address="0x7f76f1715000" size="0x1000" version="57"/>
    <module path="/tmp/.mount_xLightA6Yx7k/usr/lib/libicuuc.so.57" address="0x7f76f1717000" size="0x194000" version="57"/>
    <module path="/tmp/.mount_xLightA6Yx7k/usr/lib/libicuuc.so.57" address="0x7f76f1aaa000" size="0x12000" version="57"/>
    <module path="/tmp/.mount_xLightA6Yx7k/usr/lib/libicuuc.so.57" address="0x7f76f1abf000" size="0x21000" version="57"/>
    <module path="/tmp/.mount_xLightA6Yx7k/usr/lib/libicui18n.so.57" address="0x7f76f1d4b000" size="0x200000" version="57"/>
    <module path="/tmp/.mount_xLightA6Yx7k/usr/lib/libicui18n.so.57" address="0x7f76f1f58000" size="0x2000" version="57"/>
    <module path="/tmp/.mount_xLightA6Yx7k/usr/lib/libicui18n.so.57" address="0x7f76f1f5b000" size="0x5f000" version="57"/>
    <module path="/lib/x86_64-linux-gnu/libgpg-error.so.0.22.0" address="0x7f76f1fce000" size="0x1ff000" version="0.22.0"/>
    <module path="/lib/x86_64-linux-gnu/libgpg-error.so.0.22.0" address="0x7f76f21ce000" size="0x1000" version="0.22.0"/>
    <module path="/usr/lib/x86_64-linux-gnu/libharfbuzz.so.0.10702.0" address="0x7f76f226b000" size="0x200000" version="0.10702.0"/>
    <module path="/usr/lib/x86_64-linux-gnu/libharfbuzz.so.0.10702.0" address="0x7f76f246c000" size="0x1000" version="0.10702.0"/>
    <module path="/lib/x86_64-linux-gnu/libuuid.so.1.3.0" address="0x7f76f2473000" size="0x1ff000" version="1.3.0"/>
    <module path="/lib/x86_64-linux-gnu/libuuid.so.1.3.0" address="0x7f76f2673000" size="0x1000" version="1.3.0"/>
    <module path="/usr/lib/x86_64-linux-gnu/libICE.so.6.3.0" address="0x7f76f268b000" size="0x1ff000" version="6.3.0"/>
    <module path="/usr/lib/x86_64-linux-gnu/libICE.so.6.3.0" address="0x7f76f288b000" size="0x1000" version="6.3.0"/>
    <module path="/lib/x86_64-linux-gnu/libmount.so.1.1.0" address="0x7f76f288f000" size="0x51000" version="1.1.0"/>
    <module path="/lib/x86_64-linux-gnu/libmount.so.1.1.0" address="0x7f76f2adf000" size="0x2000" version="1.1.0"/>
    <module path="/lib/x86_64-linux-gnu/libselinux.so.1" address="0x7f76f2ae3000" size="0x25000" version="1"/>
    <module path="/lib/x86_64-linux-gnu/libselinux.so.1" address="0x7f76f2d07000" size="0x1000" version="1"/>
    <module path="/tmp/.mount_xLightA6Yx7k/usr/lib/libxcb-render.so.0" address="0x7f76f2d0b000" size="0xc000" version="0"/>
    <module path="/tmp/.mount_xLightA6Yx7k/usr/lib/libxcb-render.so.0" address="0x7f76f2f17000" size="0x1000" version="0"/>
    <module path="/tmp/.mount_xLightA6Yx7k/usr/lib/libxcb-render.so.0" address="0x7f76f2f19000" size="0x3000" version="0"/>
    <module path="/tmp/.mount_xLightA6Yx7k/usr/lib/libxcb-shm.so.0" address="0x7f76f2f1e000" size="0x200000" version="0"/>
    <module path="/tmp/.mount_xLightA6Yx7k/usr/lib/libxcb-shm.so.0" address="0x7f76f311f000" size="0x1000" version="0"/>
    <module path="/tmp/.mount_xLightA6Yx7k/usr/lib/libpixman-1.so.0" address="0x7f76f3121000" size="0x9e000" version="0"/>
    <module path="/tmp/.mount_xLightA6Yx7k/usr/lib/libpixman-1.so.0" address="0x7f76f33bf000" size="0x8000" version="0"/>
    <module path="/tmp/.mount_xLightA6Yx7k/usr/lib/libpixman-1.so.0" address="0x7f76f33c8000" size="0x2000" version="0"/>
    <module path="/usr/lib/x86_64-linux-gnu/libthai.so.0.3.0" address="0x7f76f33d2000" size="0x1ff000" version="0.3.0"/>
    <module path="/usr/lib/x86_64-linux-gnu/libthai.so.0.3.0" address="0x7f76f35d2000" size="0x1000" version="0.3.0"/>
    <module path="/tmp/.mount_xLightA6Yx7k/usr/lib/libepoxy.so.0" address="0x7f76f36bc000" size="0x1ff000" version="0"/>
    <module path="/tmp/.mount_xLightA6Yx7k/usr/lib/libepoxy.so.0" address="0x7f76f38c2000" size="0x7000" version="0"/>
    <module path="/tmp/.mount_xLightA6Yx7k/usr/lib/libatk-bridge-2.0.so.0" address="0x7f76f38e0000" size="0x2d000" version="0"/>
    <module path="/tmp/.mount_xLightA6Yx7k/usr/lib/libatk-bridge-2.0.so.0" address="0x7f76f3b0c000" size="0x1000" version="0"/>
    <module path="/tmp/.mount_xLightA6Yx7k/usr/lib/libatk-bridge-2.0.so.0" address="0x7f76f3b0f000" size="0x3000" version="0"/>
    <module path="/tmp/.mount_xLightA6Yx7k/usr/lib/libXdamage.so.1" address="0x7f76f3b14000" size="0x1ff000" version="1"/>
    <module path="/tmp/.mount_xLightA6Yx7k/usr/lib/libXdamage.so.1" address="0x7f76f3d14000" size="0x1000" version="1"/>
    <module path="/tmp/.mount_xLightA6Yx7k/usr/lib/libXcomposite.so.1" address="0x7f76f3d16000" size="0x2000" version="1"/>
    <module path="/tmp/.mount_xLightA6Yx7k/usr/lib/libXcomposite.so.1" address="0x7f76f3f17000" size="0x1000" version="1"/>
    <module path="/tmp/.mount_xLightA6Yx7k/usr/lib/libXcomposite.so.1" address="0x7f76f3f19000" size="0x1000" version="1"/>
    <module path="/tmp/.mount_xLightA6Yx7k/usr/lib/libXrender.so.1" address="0x7f76f3f23000" size="0x1ff000" version="1"/>
    <module path="/tmp/.mount_xLightA6Yx7k/usr/lib/libXrender.so.1" address="0x7f76f4123000" size="0x1000" version="1"/>
    <module path="/tmp/.mount_xLightA6Yx7k/usr/lib/libbsd.so.0" address="0x7f76f4125000" size="0x13000" version="0"/>
    <module path="/tmp/.mount_xLightA6Yx7k/usr/lib/libbsd.so.0" address="0x7f76f4338000" size="0x1000" version="0"/>
    <module path="/tmp/.mount_xLightA6Yx7k/usr/lib/libbsd.so.0" address="0x7f76f433b000" size="0x1000" version="0"/>
    <module path="/tmp/.mount_xLightA6Yx7k/usr/lib/libdbus-1.so.3" address="0x7f76f4389000" size="0x200000" version="3"/>
    <module path="/tmp/.mount_xLightA6Yx7k/usr/lib/libdbus-1.so.3" address="0x7f76f458b000" size="0x1000" version="3"/>
    <module path="/tmp/.mount_xLightA6Yx7k/usr/lib/libcap.so.2" address="0x7f76f4590000" size="0x4000" version="2"/>
    <module path="/tmp/.mount_xLightA6Yx7k/usr/lib/libcap.so.2" address="0x7f76f4794000" size="0x1000" version="2"/>
    <module path="/tmp/.mount_xLightA6Yx7k/usr/lib/libcap.so.2" address="0x7f76f4796000" size="0x1000" version="2"/>
    <module path="/tmp/.mount_xLightA6Yx7k/usr/lib/libpulsecommon-10.0.so" address="0x7f76f4817000" size="0x200000" version="10.0"/>
    <module path="/tmp/.mount_xLightA6Yx7k/usr/lib/libpulsecommon-10.0.so" address="0x7f76f4a19000" size="0x1000" version="10.0"/>
    <module path="/tmp/.mount_xLightA6Yx7k/usr/lib/libgomp.so.1" address="0x7f76f4a20000" size="0x2c000" version="1"/>
    <module path="/tmp/.mount_xLightA6Yx7k/usr/lib/libgomp.so.1" address="0x7f76f4c4b000" size="0x1000" version="1"/>
    <module path="/tmp/.mount_xLightA6Yx7k/usr/lib/libgomp.so.1" address="0x7f76f4c4d000" size="0x3000" version="1"/>
    <module path="/tmp/.mount_xLightA6Yx7k/usr/lib/libXfixes.so.3" address="0x7f76f4c55000" size="0x1ff000" version="3"/>
    <module path="/tmp/.mount_xLightA6Yx7k/usr/lib/libXfixes.so.3" address="0x7f76f4e55000" size="0x1000" version="3"/>
    <module path="/usr/lib/x86_64-linux-gnu/libdrm.so.2.4.0" address="0x7f76f4e57000" size="0x10000" version="2.4.0"/>
    <module path="/usr/lib/x86_64-linux-gnu/libdrm.so.2.4.0" address="0x7f76f5066000" size="0x1000" version="2.4.0"/>
    <module path="/tmp/.mount_xLightA6Yx7k/usr/lib/libogg.so.0" address="0x7f76f5068000" size="0x7000" version="0"/>
    <module path="/tmp/.mount_xLightA6Yx7k/usr/lib/libogg.so.0" address="0x7f76f526f000" size="0x1000" version="0"/>
    <module path="/tmp/.mount_xLightA6Yx7k/usr/lib/libogg.so.0" address="0x7f76f5271000" size="0x1000" version="0"/>
    <module path="/tmp/.mount_xLightA6Yx7k/usr/lib/libnuma.so.1" address="0x7f76f527c000" size="0x1ff000" version="1"/>
    <module path="/tmp/.mount_xLightA6Yx7k/usr/lib/libnuma.so.1" address="0x7f76f547c000" size="0x1000" version="1"/>
    <module path="/tmp/.mount_xLightA6Yx7k/usr/lib/libtasn1.so.6" address="0x7f76f547e000" size="0x11000" version="6"/>
    <module path="/tmp/.mount_xLightA6Yx7k/usr/lib/libtasn1.so.6" address="0x7f76f568f000" size="0x1000" version="6"/>
    <module path="/tmp/.mount_xLightA6Yx7k/usr/lib/libtasn1.so.6" address="0x7f76f5691000" size="0x1000" version="6"/>
    <module path="/tmp/.mount_xLightA6Yx7k/usr/lib/libidn.so.11" address="0x7f76f56c4000" size="0x200000" version="11"/>
    <module path="/tmp/.mount_xLightA6Yx7k/usr/lib/libidn.so.11" address="0x7f76f58c5000" size="0x1000" version="11"/>
    <module path="/usr/lib/x86_64-linux-gnu/libp11-kit.so.0.3.0" address="0x7f76f58c7000" size="0x11a000" version="0.3.0"/>
    <module path="/usr/lib/x86_64-linux-gnu/libp11-kit.so.0.3.0" address="0x7f76f5be1000" size="0xa000" version="0.3.0"/>
    <module path="/tmp/.mount_xLightA6Yx7k/usr/lib/libxml2.so.2" address="0x7f76f5bf6000" size="0x1b0000" version="2"/>
    <module path="/tmp/.mount_xLightA6Yx7k/usr/lib/libxml2.so.2" address="0x7f76f5fa6000" size="0x8000" version="2"/>
    <module path="/tmp/.mount_xLightA6Yx7k/usr/lib/libxml2.so.2" address="0x7f76f5fb1000" size="0xa000" version="2"/>
    <module path="/tmp/.mount_xLightA6Yx7k/usr/lib/libvorbisfile.so.3" address="0x7f76f5fc3000" size="0x1ff000" version="3"/>
    <module path="/tmp/.mount_xLightA6Yx7k/usr/lib/libvorbisfile.so.3" address="0x7f76f61c3000" size="0x1000" version="3"/>
    <module path="/tmp/.mount_xLightA6Yx7k/usr/lib/libmpg123.so.0" address="0x7f76f61c5000" size="0x4d000" version="0"/>
    <module path="/tmp/.mount_xLightA6Yx7k/usr/lib/libmpg123.so.0" address="0x7f76f6412000" size="0x1000" version="0"/>
    <module path="/tmp/.mount_xLightA6Yx7k/usr/lib/libmpg123.so.0" address="0x7f76f6424000" size="0x1000" version="0"/>
    <module path="/tmp/.mount_xLightA6Yx7k/usr/lib/libsasl2.so.2" address="0x7f76f643f000" size="0x1ff000" version="2"/>
    <module path="/tmp/.mount_xLightA6Yx7k/usr/lib/libsasl2.so.2" address="0x7f76f663f000" size="0x1000" version="2"/>
    <module path="/lib/x86_64-linux-gnu/libresolv-2.27.so" address="0x7f76f6641000" size="0x17000" version="2.27"/>
    <module path="/lib/x86_64-linux-gnu/libresolv-2.27.so" address="0x7f76f6858000" size="0x1000" version="2.27"/>
    <module path="/tmp/.mount_xLightA6Yx7k/usr/lib/libkeyutils.so.1" address="0x7f76f685c000" size="0x3000" version="1"/>
    <module path="/tmp/.mount_xLightA6Yx7k/usr/lib/libkeyutils.so.1" address="0x7f76f6a5e000" size="0x1000" version="1"/>
    <module path="/tmp/.mount_xLightA6Yx7k/usr/lib/libkeyutils.so.1" address="0x7f76f6a60000" size="0x1000" version="1"/>
    <module path="/tmp/.mount_xLightA6Yx7k/usr/lib/libkrb5support.so.0" address="0x7f76f6a6c000" size="0x1ff000" version="0"/>
    <module path="/tmp/.mount_xLightA6Yx7k/usr/lib/libkrb5support.so.0" address="0x7f76f6c6c000" size="0x1000" version="0"/>
    <module path="/tmp/.mount_xLightA6Yx7k/usr/lib/libgcrypt.so.20" address="0x7f76f6c6e000" size="0x107000" version="20"/>
    <module path="/tmp/.mount_xLightA6Yx7k/usr/lib/libgcrypt.so.20" address="0x7f76f6f75000" size="0x2000" version="20"/>
    <module path="/tmp/.mount_xLightA6Yx7k/usr/lib/libgcrypt.so.20" address="0x7f76f6f7e000" size="0x2000" version="20"/>
    <module path="/usr/lib/x86_64-linux-gnu/libgmp.so.10.3.2" address="0x7f76f6fff000" size="0x200000" version="10.3.2"/>
    <module path="/usr/lib/x86_64-linux-gnu/libgmp.so.10.3.2" address="0x7f76f7200000" size="0x1000" version="10.3.2"/>
    <module path="/tmp/.mount_xLightA6Yx7k/usr/lib/libnettle.so.6" address="0x7f76f7236000" size="0x1ff000" version="6"/>
    <module path="/tmp/.mount_xLightA6Yx7k/usr/lib/libnettle.so.6" address="0x7f76f7437000" size="0x1000" version="6"/>
    <module path="/tmp/.mount_xLightA6Yx7k/usr/lib/libhogweed.so.4" address="0x7f76f743b000" size="0x33000" version="4"/>
    <module path="/tmp/.mount_xLightA6Yx7k/usr/lib/libhogweed.so.4" address="0x7f76f766e000" size="0x1000" version="4"/>
    <module path="/tmp/.mount_xLightA6Yx7k/usr/lib/libhogweed.so.4" address="0x7f76f7670000" size="0x3000" version="4"/>
    <module path="/tmp/.mount_xLightA6Yx7k/usr/lib/libunistring.so.0" address="0x7f76f7786000" size="0x1ff000" version="0"/>
    <module path="/tmp/.mount_xLightA6Yx7k/usr/lib/libunistring.so.0" address="0x7f76f7988000" size="0x1000" version="0"/>
    <module path="/tmp/.mount_xLightA6Yx7k/usr/lib/libunistring.so.0" address="0x7f76f798a000" size="0x4000" version="0"/>
    <module path="/usr/lib/x86_64-linux-gnu/libXdmcp.so.6.0.0" address="0x7f76f7993000" size="0x1ff000" version="6.0.0"/>
    <module path="/usr/lib/x86_64-linux-gnu/libXdmcp.so.6.0.0" address="0x7f76f7b93000" size="0x1000" version="6.0.0"/>
    <module path="/usr/lib/x86_64-linux-gnu/libXau.so.6.0.0" address="0x7f76f7b96000" size="0x200000" version="6.0.0"/>
    <module path="/usr/lib/x86_64-linux-gnu/libXau.so.6.0.0" address="0x7f76f7d97000" size="0x1000" version="6.0.0"/>
    <module path="/lib/x86_64-linux-gnu/libpcre.so.3.13.3" address="0x7f76f7e08000" size="0x200000" version="3.13.3"/>
    <module path="/lib/x86_64-linux-gnu/libpcre.so.3.13.3" address="0x7f76f8009000" size="0x1000" version="3.13.3"/>
    <module path="/usr/lib/x86_64-linux-gnu/libffi.so.6.0.4" address="0x7f76f8011000" size="0x1ff000" version="6.0.4"/>
    <module path="/usr/lib/x86_64-linux-gnu/libffi.so.6.0.4" address="0x7f76f8211000" size="0x1000" version="6.0.4"/>
    <module path="/tmp/.mount_xLightA6Yx7k/usr/lib/libgmodule-2.0.so.0" address="0x7f76f8215000" size="0x1ff000" version="0"/>
    <module path="/tmp/.mount_xLightA6Yx7k/usr/lib/libgmodule-2.0.so.0" address="0x7f76f8415000" size="0x1000" version="0"/>
    <module path="/tmp/.mount_xLightA6Yx7k/usr/lib/liborc-0.4.so.0" address="0x7f76f8417000" size="0x79000" version="0"/>
    <module path="/tmp/.mount_xLightA6Yx7k/usr/lib/liborc-0.4.so.0" address="0x7f76f868f000" size="0x2000" version="0"/>
    <module path="/tmp/.mount_xLightA6Yx7k/usr/lib/liborc-0.4.so.0" address="0x7f76f8695000" size="0x3000" version="0"/>
    <module path="/tmp/.mount_xLightA6Yx7k/usr/lib/libpng16.so.16" address="0x7f76f86c9000" size="0x200000" version="16"/>
    <module path="/tmp/.mount_xLightA6Yx7k/usr/lib/libpng16.so.16" address="0x7f76f88ca000" size="0x1000" version="16"/>
    <module path="/usr/lib/x86_64-linux-gnu/libfreetype.so.6.15.0" address="0x7f76f88cd000" size="0xad000" version="6.15.0"/>
    <module path="/usr/lib/x86_64-linux-gnu/libfreetype.so.6.15.0" address="0x7f76f8b79000" size="0x7000" version="6.15.0"/>
    <module path="/usr/lib/x86_64-linux-gnu/libfontconfig.so.1.10.1" address="0x7f76f8b81000" size="0x3e000" version="1.10.1"/>
    <module path="/usr/lib/x86_64-linux-gnu/libfontconfig.so.1.10.1" address="0x7f76f8dbf000" size="0x2000" version="1.10.1"/>
    <module path="/usr/lib/x86_64-linux-gnu/libpangoft2-1.0.so.0.4000.14" address="0x7f76f8dc6000" size="0x14000" version="0.4000.14"/>
    <module path="/usr/lib/x86_64-linux-gnu/libpangoft2-1.0.so.0.4000.14" address="0x7f76f8fda000" size="0x1000" version="0.4000.14"/>
    <module path="/tmp/.mount_xLightA6Yx7k/usr/lib/libXtst.so.6" address="0x7f76f8fdc000" size="0x5000" version="6"/>
    <module path="/tmp/.mount_xLightA6Yx7k/usr/lib/libXtst.so.6" address="0x7f76f91e0000" size="0x1000" version="6"/>
    <module path="/tmp/.mount_xLightA6Yx7k/usr/lib/libXtst.so.6" address="0x7f76f91e2000" size="0x1000" version="6"/>
    <module path="/usr/lib/x86_64-linux-gnu/libSM.so.6.0.1" address="0x7f76f91ea000" size="0x1ff000" version="6.0.1"/>
    <module path="/usr/lib/x86_64-linux-gnu/libSM.so.6.0.1" address="0x7f76f93ea000" size="0x1000" version="6.0.1"/>
    <module path="/tmp/.mount_xLightA6Yx7k/usr/lib/libgthread-2.0.so.0" address="0x7f76f93ec000" size="0x1ff000" version="0"/>
    <module path="/tmp/.mount_xLightA6Yx7k/usr/lib/libgthread-2.0.so.0" address="0x7f76f95ec000" size="0x1000" version="0"/>
    <module path="/usr/lib/x86_64-linux-gnu/libgio-2.0.so.0.5600.4" address="0x7f76f95ee000" size="0x195000" version="0.5600.4"/>
    <module path="/usr/lib/x86_64-linux-gnu/libgio-2.0.so.0.5600.4" address="0x7f76f9983000" size="0x7000" version="0.5600.4"/>
    <module path="/usr/lib/x86_64-linux-gnu/libgdk_pixbuf-2.0.so.0.3611.0" address="0x7f76f998d000" size="0x22000" version="0.3611.0"/>
    <module path="/usr/lib/x86_64-linux-gnu/libgdk_pixbuf-2.0.so.0.3611.0" address="0x7f76f9baf000" size="0x1000" version="0.3611.0"/>
    <module path="/tmp/.mount_xLightA6Yx7k/usr/lib/libcairo.so.2" address="0x7f76f9bb1000" size="0x10e000" version="2"/>
    <module path="/tmp/.mount_xLightA6Yx7k/usr/lib/libcairo.so.2" address="0x7f76f9ebf000" size="0x3000" version="2"/>
    <module path="/tmp/.mount_xLightA6Yx7k/usr/lib/libcairo.so.2" address="0x7f76f9ec5000" size="0x5000" version="2"/>
    <module path="/tmp/.mount_xLightA6Yx7k/usr/lib/libcairo-gobject.so.2" address="0x7f76f9ed0000" size="0x200000" version="2"/>
    <module path="/tmp/.mount_xLightA6Yx7k/usr/lib/libcairo-gobject.so.2" address="0x7f76fa0d2000" size="0x1000" version="2"/>
    <module path="/tmp/.mount_xLightA6Yx7k/usr/lib/libatk-1.0.so.0" address="0x7f76fa0d4000" size="0x23000" version="0"/>
    <module path="/tmp/.mount_xLightA6Yx7k/usr/lib/libatk-1.0.so.0" address="0x7f76fa2f6000" size="0x3000" version="0"/>
    <module path="/tmp/.mount_xLightA6Yx7k/usr/lib/libatk-1.0.so.0" address="0x7f76fa2fa000" size="0x3000" version="0"/>
    <module path="/usr/lib/x86_64-linux-gnu/libpango-1.0.so.0.4000.14" address="0x7f76fa347000" size="0x1ff000" version="0.4000.14"/>
    <module path="/usr/lib/x86_64-linux-gnu/libpango-1.0.so.0.4000.14" address="0x7f76fa549000" size="0x1000" version="0.4000.14"/>
    <module path="/usr/lib/x86_64-linux-gnu/libpangocairo-1.0.so.0.4000.14" address="0x7f76fa556000" size="0x1ff000" version="0.4000.14"/>
    <module path="/usr/lib/x86_64-linux-gnu/libpangocairo-1.0.so.0.4000.14" address="0x7f76fa756000" size="0x1000" version="0.4000.14"/>
    <module path="/tmp/.mount_xLightA6Yx7k/usr/lib/libgdk-3.so.0" address="0x7f76fa845000" size="0x1ff000" version="0"/>
    <module path="/tmp/.mount_xLightA6Yx7k/usr/lib/libgdk-3.so.0" address="0x7f76faa4a000" size="0x3000" version="0"/>
    <module path="/tmp/.mount_xLightA6Yx7k/usr/lib/libgdk-3.so.0" address="0x7f76faa4e000" size="0xa000" version="0"/>
    <module path="/tmp/.mount_xLightA6Yx7k/usr/lib/libgtk-3.so.0" address="0x7f76fb158000" size="0x1ff000" version="0"/>
    <module path="/tmp/.mount_xLightA6Yx7k/usr/lib/libgtk-3.so.0" address="0x7f76fb362000" size="0x7000" version="0"/>
    <module path="/tmp/.mount_xLightA6Yx7k/usr/lib/libgtk-3.so.0" address="0x7f76fb36e000" size="0x2e000" version="0"/>
    <module path="/lib/x86_64-linux-gnu/librt-2.27.so" address="0x7f76fb3a3000" size="0x1ff000" version="2.27"/>
    <module path="/lib/x86_64-linux-gnu/librt-2.27.so" address="0x7f76fb5a3000" size="0x1000" version="2.27"/>
    <module path="/tmp/.mount_xLightA6Yx7k/usr/lib/libxkbcommon.so.0" address="0x7f76fb5e2000" size="0x1ff000" version="0"/>
    <module path="/tmp/.mount_xLightA6Yx7k/usr/lib/libxkbcommon.so.0" address="0x7f76fb7e3000" size="0x1000" version="0"/>
    <module path="/tmp/.mount_xLightA6Yx7k/usr/lib/libwayland-cursor.so.0" address="0x7f76fb7e5000" size="0x4000" version="0"/>
    <module path="/tmp/.mount_xLightA6Yx7k/usr/lib/libwayland-cursor.so.0" address="0x7f76fb9e8000" size="0x1000" version="0"/>
    <module path="/tmp/.mount_xLightA6Yx7k/usr/lib/libwayland-cursor.so.0" address="0x7f76fb9ed000" size="0x1000" version="0"/>
    <module path="/tmp/.mount_xLightA6Yx7k/usr/lib/libwayland-client.so.0" address="0x7f76fb9fb000" size="0x1ff000" version="0"/>
    <module path="/tmp/.mount_xLightA6Yx7k/usr/lib/libwayland-client.so.0" address="0x7f76fbbfc000" size="0x1000" version="0"/>
    <module path="/tmp/.mount_xLightA6Yx7k/usr/lib/libwayland-egl.so.1" address="0x7f76fbbfe000" size="0x1000" version="1"/>
    <module path="/tmp/.mount_xLightA6Yx7k/usr/lib/libwayland-egl.so.1" address="0x7f76fbdfe000" size="0x1000" version="1"/>
    <module path="/tmp/.mount_xLightA6Yx7k/usr/lib/libwayland-egl.so.1" address="0x7f76fbe00000" size="0x1000" version="1"/>
    <module path="/tmp/.mount_xLightA6Yx7k/usr/lib/libXss.so.1" address="0x7f76fbe03000" size="0x200000" version="1"/>
    <module path="/tmp/.mount_xLightA6Yx7k/usr/lib/libXss.so.1" address="0x7f76fc004000" size="0x1000" version="1"/>
    <module path="/tmp/.mount_xLightA6Yx7k/usr/lib/libXrandr.so.2" address="0x7f76fc00f000" size="0x1ff000" version="2"/>
    <module path="/tmp/.mount_xLightA6Yx7k/usr/lib/libXrandr.so.2" address="0x7f76fc20f000" size="0x1000" version="2"/>
    <module path="/tmp/.mount_xLightA6Yx7k/usr/lib/libXinerama.so.1" address="0x7f76fc211000" size="0x2000" version="1"/>
    <module path="/tmp/.mount_xLightA6Yx7k/usr/lib/libXinerama.so.1" address="0x7f76fc412000" size="0x1000" version="1"/>
    <module path="/tmp/.mount_xLightA6Yx7k/usr/lib/libXinerama.so.1" address="0x7f76fc414000" size="0x1000" version="1"/>
    <module path="/tmp/.mount_xLightA6Yx7k/usr/lib/libXcursor.so.1" address="0x7f76fc41f000" size="0x1ff000" version="1"/>
    <module path="/tmp/.mount_xLightA6Yx7k/usr/lib/libXcursor.so.1" address="0x7f76fc61f000" size="0x1000" version="1"/>
    <module path="/tmp/.mount_xLightA6Yx7k/usr/lib/libsndio.so.6.1" address="0x7f76fc621000" size="0xd000" version="6.1"/>
    <module path="/tmp/.mount_xLightA6Yx7k/usr/lib/libsndio.so.6.1" address="0x7f76fc82d000" size="0x1000" version="6.1"/>
    <module path="/tmp/.mount_xLightA6Yx7k/usr/lib/libsndio.so.6.1" address="0x7f76fc831000" size="0x1000" version="6.1"/>
    <module path="/tmp/.mount_xLightA6Yx7k/usr/lib/libpulse.so.0" address="0x7f76fc880000" size="0x200000" version="0"/>
    <module path="/tmp/.mount_xLightA6Yx7k/usr/lib/libpulse.so.0" address="0x7f76fca82000" size="0x1000" version="0"/>
    <module path="/tmp/.mount_xLightA6Yx7k/usr/lib/libpulse-simple.so.0" address="0x7f76fca86000" size="0x200000" version="0"/>
    <module path="/tmp/.mount_xLightA6Yx7k/usr/lib/libpulse-simple.so.0" address="0x7f76fcc87000" size="0x1000" version="0"/>
    <module path="/usr/lib/x86_64-linux-gnu/libasound.so.2.0.0" address="0x7f76fcd87000" size="0x200000" version="2.0.0"/>
    <module path="/usr/lib/x86_64-linux-gnu/libasound.so.2.0.0" address="0x7f76fcf8e000" size="0x1000" version="2.0.0"/>
    <module path="/tmp/.mount_xLightA6Yx7k/usr/lib/libnsl.so.1" address="0x7f76fcfa3000" size="0x200000" version="1"/>
    <module path="/tmp/.mount_xLightA6Yx7k/usr/lib/libnsl.so.1" address="0x7f76fd1a4000" size="0x1000" version="1"/>
    <module path="/tmp/.mount_xLightA6Yx7k/usr/lib/libnsl.so.1" address="0x7f76fd1a7000" size="0x2000" version="1"/>
    <module path="/tmp/.mount_xLightA6Yx7k/usr/lib/libsoxr.so.0" address="0x7f76fd1d4000" size="0x200000" version="0"/>
    <module path="/tmp/.mount_xLightA6Yx7k/usr/lib/libsoxr.so.0" address="0x7f76fd3d6000" size="0x1000" version="0"/>
    <module path="/tmp/.mount_xLightA6Yx7k/usr/lib/libsoxr.so.0" address="0x7f76fd40c000" size="0x1000" version="0"/>
    <module path="/tmp/.mount_xLightA6Yx7k/usr/lib/libva-x11.so.1" address="0x7f76fd412000" size="0x1ff000" version="1"/>
    <module path="/tmp/.mount_xLightA6Yx7k/usr/lib/libva-x11.so.1" address="0x7f76fd612000" size="0x1000" version="1"/>
    <module path="/tmp/.mount_xLightA6Yx7k/usr/lib/libva-drm.so.1" address="0x7f76fd614000" size="0x2000" version="1"/>
    <module path="/tmp/.mount_xLightA6Yx7k/usr/lib/libva-drm.so.1" address="0x7f76fd815000" size="0x1000" version="1"/>
    <module path="/tmp/.mount_xLightA6Yx7k/usr/lib/libva-drm.so.1" address="0x7f76fd817000" size="0x1000" version="1"/>
    <module path="/tmp/.mount_xLightA6Yx7k/usr/lib/libvdpau.so.1" address="0x7f76fd81b000" size="0x1ff000" version="1"/>
    <module path="/tmp/.mount_xLightA6Yx7k/usr/lib/libvdpau.so.1" address="0x7f76fda1b000" size="0x1000" version="1"/>
    <module path="/tmp/.mount_xLightA6Yx7k/usr/lib/liblzma.so.5" address="0x7f76fda1d000" size="0x25000" version="5"/>
    <module path="/tmp/.mount_xLightA6Yx7k/usr/lib/liblzma.so.5" address="0x7f76fdc41000" size="0x1000" version="5"/>
    <module path="/tmp/.mount_xLightA6Yx7k/usr/lib/liblzma.so.5" address="0x7f76fdc43000" size="0x1000" version="5"/>
    <module path="/tmp/.mount_xLightA6Yx7k/usr/lib/libcrystalhd.so.3" address="0x7f76fdc5e000" size="0x1ff000" version="3"/>
    <module path="/tmp/.mount_xLightA6Yx7k/usr/lib/libcrystalhd.so.3" address="0x7f76fde5e000" size="0x1000" version="3"/>
    <module path="/tmp/.mount_xLightA6Yx7k/usr/lib/libgsm.so.1" address="0x7f76fde61000" size="0xc000" version="1"/>
    <module path="/tmp/.mount_xLightA6Yx7k/usr/lib/libgsm.so.1" address="0x7f76fe06c000" size="0x1000" version="1"/>
    <module path="/tmp/.mount_xLightA6Yx7k/usr/lib/libgsm.so.1" address="0x7f76fe06e000" size="0x1000" version="1"/>
    <module path="/tmp/.mount_xLightA6Yx7k/usr/lib/libmp3lame.so.0" address="0x7f76fe0b6000" size="0x200000" version="0"/>
    <module path="/tmp/.mount_xLightA6Yx7k/usr/lib/libmp3lame.so.0" address="0x7f76fe2b7000" size="0x1000" version="0"/>
    <module path="/tmp/.mount_xLightA6Yx7k/usr/lib/libmp3lame.so.0" address="0x7f76fe2e6000" size="0x3000" version="0"/>
    <module path="/tmp/.mount_xLightA6Yx7k/usr/lib/libopenjp2.so.7" address="0x7f76fe323000" size="0x1ff000" version="7"/>
    <module path="/tmp/.mount_xLightA6Yx7k/usr/lib/libopenjp2.so.7" address="0x7f76fe523000" size="0x1000" version="7"/>
    <module path="/tmp/.mount_xLightA6Yx7k/usr/lib/libopus.so.0" address="0x7f76fe525000" size="0x4e000" version="0"/>
    <module path="/tmp/.mount_xLightA6Yx7k/usr/lib/libopus.so.0" address="0x7f76fe772000" size="0x1000" version="0"/>
    <module path="/tmp/.mount_xLightA6Yx7k/usr/lib/libopus.so.0" address="0x7f76fe774000" size="0x1000" version="0"/>
    <module path="/tmp/.mount_xLightA6Yx7k/usr/lib/libshine.so.3" address="0x7f76fe781000" size="0x1ff000" version="3"/>
    <module path="/tmp/.mount_xLightA6Yx7k/usr/lib/libshine.so.3" address="0x7f76fe981000" size="0x1000" version="3"/>
    <module path="/tmp/.mount_xLightA6Yx7k/usr/lib/libsnappy.so.1" address="0x7f76fe983000" size="0x7000" version="1"/>
    <module path="/tmp/.mount_xLightA6Yx7k/usr/lib/libsnappy.so.1" address="0x7f76feb89000" size="0x1000" version="1"/>
    <module path="/tmp/.mount_xLightA6Yx7k/usr/lib/libsnappy.so.1" address="0x7f76feb8b000" size="0x2000" version="1"/>
    <module path="/tmp/.mount_xLightA6Yx7k/usr/lib/libspeex.so.1" address="0x7f76feba4000" size="0x200000" version="1"/>
    <module path="/tmp/.mount_xLightA6Yx7k/usr/lib/libspeex.so.1" address="0x7f76feda5000" size="0x1000" version="1"/>
    <module path="/tmp/.mount_xLightA6Yx7k/usr/lib/libtheoradec.so.1" address="0x7f76feda7000" size="0x1d000" version="1"/>
    <module path="/tmp/.mount_xLightA6Yx7k/usr/lib/libtheoradec.so.1" address="0x7f76fefc3000" size="0x1000" version="1"/>
    <module path="/tmp/.mount_xLightA6Yx7k/usr/lib/libtheoradec.so.1" address="0x7f76fefc5000" size="0x1000" version="1"/>
    <module path="/tmp/.mount_xLightA6Yx7k/usr/lib/libtheoraenc.so.1" address="0x7f76ff004000" size="0x1ff000" version="1"/>
    <module path="/tmp/.mount_xLightA6Yx7k/usr/lib/libtheoraenc.so.1" address="0x7f76ff204000" size="0x1000" version="1"/>
    <module path="/tmp/.mount_xLightA6Yx7k/usr/lib/libtwolame.so.0" address="0x7f76ff206000" size="0x1e000" version="0"/>
    <module path="/tmp/.mount_xLightA6Yx7k/usr/lib/libtwolame.so.0" address="0x7f76ff423000" size="0x1000" version="0"/>
    <module path="/tmp/.mount_xLightA6Yx7k/usr/lib/libtwolame.so.0" address="0x7f76ff429000" size="0x1000" version="0"/>
    <module path="/tmp/.mount_xLightA6Yx7k/usr/lib/libvorbis.so.0" address="0x7f76ff454000" size="0x200000" version="0"/>
    <module path="/tmp/.mount_xLightA6Yx7k/usr/lib/libvorbis.so.0" address="0x7f76ff655000" size="0x1000" version="0"/>
    <module path="/tmp/.mount_xLightA6Yx7k/usr/lib/libvorbisenc.so.2" address="0x7f76ff657000" size="0x8d000" version="2"/>
    <module path="/tmp/.mount_xLightA6Yx7k/usr/lib/libvorbisenc.so.2" address="0x7f76ff8e3000" size="0x1c000" version="2"/>
    <module path="/tmp/.mount_xLightA6Yx7k/usr/lib/libvorbisenc.so.2" address="0x7f76ff900000" size="0x1000" version="2"/>
    <module path="/tmp/.mount_xLightA6Yx7k/usr/lib/libvpx.so.4" address="0x7f76ffb3a000" size="0x1ff000" version="4"/>
    <module path="/tmp/.mount_xLightA6Yx7k/usr/lib/libvpx.so.4" address="0x7f76ffd3b000" size="0x1000" version="4"/>
    <module path="/tmp/.mount_xLightA6Yx7k/usr/lib/libvpx.so.4" address="0x7f76ffd3e000" size="0x1000" version="4"/>
    <module path="/tmp/.mount_xLightA6Yx7k/usr/lib/libwavpack.so.1" address="0x7f76ffd69000" size="0x1ff000" version="1"/>
    <module path="/tmp/.mount_xLightA6Yx7k/usr/lib/libwavpack.so.1" address="0x7f76fff69000" size="0x1000" version="1"/>
    <module path="/tmp/.mount_xLightA6Yx7k/usr/lib/libwebp.so.6" address="0x7f76fff6b000" size="0x5e000" version="6"/>
    <module path="/tmp/.mount_xLightA6Yx7k/usr/lib/libwebp.so.6" address="0x7f77001c9000" size="0x1000" version="6"/>
    <module path="/tmp/.mount_xLightA6Yx7k/usr/lib/libwebp.so.6" address="0x7f77001cc000" size="0x1000" version="6"/>
    <module path="/tmp/.mount_xLightA6Yx7k/usr/lib/libwebpmux.so.2" address="0x7f77001d6000" size="0x1ff000" version="2"/>
    <module path="/tmp/.mount_xLightA6Yx7k/usr/lib/libwebpmux.so.2" address="0x7f77003d6000" size="0x1000" version="2"/>
    <module path="/tmp/.mount_xLightA6Yx7k/usr/lib/libx264.so.148" address="0x7f77003d8000" size="0x126000" version="148"/>
    <module path="/tmp/.mount_xLightA6Yx7k/usr/lib/libx264.so.148" address="0x7f77006fd000" size="0x1000" version="148"/>
    <module path="/tmp/.mount_xLightA6Yx7k/usr/lib/libx264.so.148" address="0x7f770077a000" size="0x3000" version="148"/>
    <module path="/tmp/.mount_xLightA6Yx7k/usr/lib/libx265.so.95" address="0x7f77011a0000" size="0x200000" version="95"/>
    <module path="/tmp/.mount_xLightA6Yx7k/usr/lib/libx265.so.95" address="0x7f77013a3000" size="0x3000" version="95"/>
    <module path="/tmp/.mount_xLightA6Yx7k/usr/lib/libx265.so.95" address="0x7f77013b1000" size="0x63000" version="95"/>
    <module path="/tmp/.mount_xLightA6Yx7k/usr/lib/libxvidcore.so.4" address="0x7f77014b2000" size="0x1ff000" version="4"/>
    <module path="/tmp/.mount_xLightA6Yx7k/usr/lib/libxvidcore.so.4" address="0x7f77016b2000" size="0xa000" version="4"/>
    <module path="/tmp/.mount_xLightA6Yx7k/usr/lib/libxvidcore.so.4" address="0x7f7701725000" size="0x1000" version="4"/>
    <module path="/tmp/.mount_xLightA6Yx7k/usr/lib/libzvbi.so.0" address="0x7f770179e000" size="0x200000" version="0"/>
    <module path="/tmp/.mount_xLightA6Yx7k/usr/lib/libzvbi.so.0" address="0x7f77019a7000" size="0xc000" version="0"/>
    <module path="/tmp/.mount_xLightA6Yx7k/usr/lib/libva.so.1" address="0x7f77019b6000" size="0x1e000" version="1"/>
    <module path="/tmp/.mount_xLightA6Yx7k/usr/lib/libva.so.1" address="0x7f7701bd4000" size="0x1000" version="1"/>
    <module path="/tmp/.mount_xLightA6Yx7k/usr/lib/libva.so.1" address="0x7f7701bd6000" size="0x1000" version="1"/>
    <module path="/tmp/.mount_xLightA6Yx7k/usr/lib/libbz2.so.1.0" address="0x7f7701be6000" size="0x1ff000" version="1.0"/>
    <module path="/tmp/.mount_xLightA6Yx7k/usr/lib/libbz2.so.1.0" address="0x7f7701de6000" size="0x1000" version="1.0"/>
    <module path="/tmp/.mount_xLightA6Yx7k/usr/lib/libchromaprint.so.1" address="0x7f7701de8000" size="0x13000" version="1"/>
    <module path="/tmp/.mount_xLightA6Yx7k/usr/lib/libchromaprint.so.1" address="0x7f7701ffa000" size="0x1000" version="1"/>
    <module path="/tmp/.mount_xLightA6Yx7k/usr/lib/libchromaprint.so.1" address="0x7f7701ffc000" size="0x1000" version="1"/>
    <module path="/tmp/.mount_xLightA6Yx7k/usr/lib/libgnutls.so.30" address="0x7f7702187000" size="0x200000" version="30"/>
    <module path="/tmp/.mount_xLightA6Yx7k/usr/lib/libgnutls.so.30" address="0x7f7702394000" size="0x1000" version="30"/>
    <module path="/tmp/.mount_xLightA6Yx7k/usr/lib/libgnutls.so.30" address="0x7f7702396000" size="0xb000" version="30"/>
    <module path="/tmp/.mount_xLightA6Yx7k/usr/lib/libbluray.so.1" address="0x7f77023e8000" size="0x200000" version="1"/>
    <module path="/tmp/.mount_xLightA6Yx7k/usr/lib/libbluray.so.1" address="0x7f77025ea000" size="0x1000" version="1"/>
    <module path="/tmp/.mount_xLightA6Yx7k/usr/lib/libgme.so.0" address="0x7f77025ec000" size="0x4a000" version="0"/>
    <module path="/tmp/.mount_xLightA6Yx7k/usr/lib/libgme.so.0" address="0x7f7702835000" size="0x3000" version="0"/>
    <module path="/tmp/.mount_xLightA6Yx7k/usr/lib/libgme.so.0" address="0x7f7702839000" size="0x1000" version="0"/>
    <module path="/tmp/.mount_xLightA6Yx7k/usr/lib/libopenmpt.so.0" address="0x7f7702972000" size="0x200000" version="0"/>
    <module path="/tmp/.mount_xLightA6Yx7k/usr/lib/libopenmpt.so.0" address="0x7f7702b76000" size="0x1000" version="0"/>
    <module path="/tmp/.mount_xLightA6Yx7k/usr/lib/libopenmpt.so.0" address="0x7f7702bc9000" size="0x6000" version="0"/>
    <module path="/tmp/.mount_xLightA6Yx7k/usr/lib/libssh-gcrypt.so.4" address="0x7f7702c3c000" size="0x200000" version="4"/>
    <module path="/tmp/.mount_xLightA6Yx7k/usr/lib/libssh-gcrypt.so.4" address="0x7f7702e3d000" size="0x1000" version="4"/>
    <module path="/tmp/.mount_xLightA6Yx7k/usr/lib/libldap_r-2.4.so.2" address="0x7f7702e41000" size="0x4d000" version="2"/>
    <module path="/tmp/.mount_xLightA6Yx7k/usr/lib/libldap_r-2.4.so.2" address="0x7f770308d000" size="0x2000" version="2"/>
    <module path="/tmp/.mount_xLightA6Yx7k/usr/lib/libldap_r-2.4.so.2" address="0x7f7703092000" size="0x4000" version="2"/>
    <module path="/tmp/.mount_xLightA6Yx7k/usr/lib/liblber-2.4.so.2" address="0x7f77030a3000" size="0x200000" version="2"/>
    <module path="/tmp/.mount_xLightA6Yx7k/usr/lib/liblber-2.4.so.2" address="0x7f77032a4000" size="0x1000" version="2"/>
    <module path="/lib/x86_64-linux-gnu/libcom_err.so.2.1" address="0x7f77032a6000" size="0x3000" version="2.1"/>
    <module path="/lib/x86_64-linux-gnu/libcom_err.so.2.1" address="0x7f77034a8000" size="0x1000" version="2.1"/>
    <module path="/tmp/.mount_xLightA6Yx7k/usr/lib/libk5crypto.so.3" address="0x7f77034aa000" size="0x2f000" version="3"/>
    <module path="/tmp/.mount_xLightA6Yx7k/usr/lib/libk5crypto.so.3" address="0x7f77036d9000" size="0x2000" version="3"/>
    <module path="/tmp/.mount_xLightA6Yx7k/usr/lib/libk5crypto.so.3" address="0x7f77036dd000" size="0x1000" version="3"/>
    <module path="/tmp/.mount_xLightA6Yx7k/usr/lib/libkrb5.so.3" address="0x7f77037a7000" size="0x200000" version="3"/>
    <module path="/tmp/.mount_xLightA6Yx7k/usr/lib/libkrb5.so.3" address="0x7f77039b5000" size="0x3000" version="3"/>
    <module path="/tmp/.mount_xLightA6Yx7k/usr/lib/libgssapi_krb5.so.2" address="0x7f77039bd000" size="0x48000" version="2"/>
    <module path="/tmp/.mount_xLightA6Yx7k/usr/lib/libgssapi_krb5.so.2" address="0x7f7703c04000" size="0x2000" version="2"/>
    <module path="/tmp/.mount_xLightA6Yx7k/usr/lib/libgssapi_krb5.so.2" address="0x7f7703c08000" size="0x3000" version="2"/>
    <module path="/tmp/.mount_xLightA6Yx7k/usr/lib/libcrypto.so.1.0.2" address="0x7f7703e43000" size="0x200000" version="1.0.2"/>
    <module path="/tmp/.mount_xLightA6Yx7k/usr/lib/libcrypto.so.1.0.2" address="0x7f770405f000" size="0xf000" version="1.0.2"/>
    <module path="/tmp/.mount_xLightA6Yx7k/usr/lib/libcrypto.so.1.0.2" address="0x7f7704072000" size="0x12000" version="1.0.2"/>
    <module path="/tmp/.mount_xLightA6Yx7k/usr/lib/libssl.so.1.0.2" address="0x7f77040e4000" size="0x1ff000" version="1.0.2"/>
    <module path="/tmp/.mount_xLightA6Yx7k/usr/lib/libssl.so.1.0.2" address="0x7f77042e7000" size="0x6000" version="1.0.2"/>
    <module path="/tmp/.mount_xLightA6Yx7k/usr/lib/libpsl.so.5" address="0x7f77042f1000" size="0xc000" version="5"/>
    <module path="/tmp/.mount_xLightA6Yx7k/usr/lib/libpsl.so.5" address="0x7f77044fd000" size="0x1000" version="5"/>
    <module path="/tmp/.mount_xLightA6Yx7k/usr/lib/libpsl.so.5" address="0x7f77044ff000" size="0x1000" version="5"/>
    <module path="/tmp/.mount_xLightA6Yx7k/usr/lib/libssh2.so.1" address="0x7f770452c000" size="0x1ff000" version="1"/>
    <module path="/tmp/.mount_xLightA6Yx7k/usr/lib/libssh2.so.1" address="0x7f770472c000" size="0x1000" version="1"/>
    <module path="/tmp/.mount_xLightA6Yx7k/usr/lib/librtmp.so.1" address="0x7f770472f000" size="0x1b000" version="1"/>
    <module path="/tmp/.mount_xLightA6Yx7k/usr/lib/librtmp.so.1" address="0x7f770494a000" size="0x1000" version="1"/>
    <module path="/tmp/.mount_xLightA6Yx7k/usr/lib/librtmp.so.1" address="0x7f770494c000" size="0x2000" version="1"/>
    <module path="/tmp/.mount_xLightA6Yx7k/usr/lib/libidn2.so.0" address="0x7f770496f000" size="0x1ff000" version="0"/>
    <module path="/tmp/.mount_xLightA6Yx7k/usr/lib/libidn2.so.0" address="0x7f7704b6f000" size="0x1000" version="0"/>
    <module path="/tmp/.mount_xLightA6Yx7k/usr/lib/libnghttp2.so.14" address="0x7f7704b93000" size="0x1ff000" version="14"/>
    <module path="/tmp/.mount_xLightA6Yx7k/usr/lib/libnghttp2.so.14" address="0x7f7704d93000" size="0x3000" version="14"/>
    <module path="/usr/lib/x86_64-linux-gnu/libxcb.so.1.1.0" address="0x7f7704d98000" size="0x26000" version="1.1.0"/>
    <module path="/usr/lib/x86_64-linux-gnu/libxcb.so.1.1.0" address="0x7f7704fbe000" size="0x1000" version="1.1.0"/>
    <module path="/tmp/.mount_xLightA6Yx7k/usr/lib/libXxf86vm.so.1" address="0x7f7704fc0000" size="0x5000" version="1"/>
    <module path="/tmp/.mount_xLightA6Yx7k/usr/lib/libXxf86vm.so.1" address="0x7f77051c4000" size="0x1000" version="1"/>
    <module path="/tmp/.mount_xLightA6Yx7k/usr/lib/libXxf86vm.so.1" address="0x7f77051c6000" size="0x1000" version="1"/>
    <module path="/tmp/.mount_xLightA6Yx7k/usr/lib/libXi.so.6" address="0x7f77051d6000" size="0x1ff000" version="6"/>
    <module path="/tmp/.mount_xLightA6Yx7k/usr/lib/libXi.so.6" address="0x7f77053d6000" size="0x1000" version="6"/>
    <module path="/tmp/.mount_xLightA6Yx7k/usr/lib/libXext.so.6" address="0x7f77053d8000" size="0x11000" version="6"/>
    <module path="/tmp/.mount_xLightA6Yx7k/usr/lib/libXext.so.6" address="0x7f77055e8000" size="0x1000" version="6"/>
    <module path="/tmp/.mount_xLightA6Yx7k/usr/lib/libXext.so.6" address="0x7f77055ea000" size="0x2000" version="6"/>
    <module path="/usr/lib/x86_64-linux-gnu/libGLdispatch.so.0.0.0" address="0x7f770565a000" size="0x1ff000" version="0.0.0"/>
    <module path="/usr/lib/x86_64-linux-gnu/libGLdispatch.so.0.0.0" address="0x7f7705881000" size="0x1000" version="0.0.0"/>
    <module path="/usr/lib/x86_64-linux-gnu/libGLX.so.0.0.0" address="0x7f77058a2000" size="0x10000" version="0.0.0"/>
    <module path="/usr/lib/x86_64-linux-gnu/libGLX.so.0.0.0" address="0x7f7705ab1000" size="0x1000" version="0.0.0"/>
    <module path="/lib/x86_64-linux-gnu/libc-2.27.so" address="0x7f7705ad3000" size="0x1e7000" version="2.27"/>
    <module path="/lib/x86_64-linux-gnu/libc-2.27.so" address="0x7f7705eba000" size="0x4000" version="2.27"/>
    <module path="/lib/x86_64-linux-gnu/libpthread-2.27.so" address="0x7f7705ec4000" size="0x1a000" version="2.27"/>
    <module path="/lib/x86_64-linux-gnu/libpthread-2.27.so" address="0x7f77060dd000" size="0x1000" version="2.27"/>
    <module path="/lib/x86_64-linux-gnu/libgcc_s.so.1" address="0x7f77060e3000" size="0x17000" version="1"/>
    <module path="/lib/x86_64-linux-gnu/libgcc_s.so.1" address="0x7f77062f9000" size="0x1000" version="1"/>
    <module path="/lib/x86_64-linux-gnu/libm-2.27.so" address="0x7f77062fb000" size="0x19d000" version="2.27"/>
    <module path="/lib/x86_64-linux-gnu/libm-2.27.so" address="0x7f7706697000" size="0x1000" version="2.27"/>
    <module path="/usr/lib/x86_64-linux-gnu/libstdc++.so.6.0.25" address="0x7f7706699000" size="0x179000" version="6.0.25"/>
    <module path="/usr/lib/x86_64-linux-gnu/libstdc++.so.6.0.25" address="0x7f7706a12000" size="0xa000" version="6.0.25"/>
    <module path="/tmp/.mount_xLightA6Yx7k/usr/lib/libzstd.so.1" address="0x7f7706a22000" size="0x83000" version="1"/>
    <module path="/tmp/.mount_xLightA6Yx7k/usr/lib/libzstd.so.1" address="0x7f7706ca5000" size="0x1000" version="1"/>
    <module path="/tmp/.mount_xLightA6Yx7k/usr/lib/libzstd.so.1" address="0x7f7706ca7000" size="0x1000" version="1"/>
    <module path="/lib/x86_64-linux-gnu/libz.so.1.2.11" address="0x7f7706cc4000" size="0x1ff000" version="1.2.11"/>
    <module path="/lib/x86_64-linux-gnu/libz.so.1.2.11" address="0x7f7706ec4000" size="0x1000" version="1.2.11"/>
    <module path="/lib/x86_64-linux-gnu/libexpat.so.1.6.7" address="0x7f7706ef4000" size="0x200000" version="1.6.7"/>
    <module path="/lib/x86_64-linux-gnu/libexpat.so.1.6.7" address="0x7f77070f6000" size="0x1000" version="1.6.7"/>
    <module path="/usr/lib/x86_64-linux-gnu/libglib-2.0.so.0.5600.4" address="0x7f770720b000" size="0x200000" version="0.5600.4"/>
    <module path="/usr/lib/x86_64-linux-gnu/libglib-2.0.so.0.5600.4" address="0x7f770740c000" size="0x1000" version="0.5600.4"/>
    <module path="/usr/lib/x86_64-linux-gnu/libgobject-2.0.so.0.5600.4" address="0x7f770740e000" size="0x52000" version="0.5600.4"/>
    <module path="/usr/lib/x86_64-linux-gnu/libgobject-2.0.so.0.5600.4" address="0x7f7707660000" size="0x1000" version="0.5600.4"/>
    <module path="/tmp/.mount_xLightA6Yx7k/usr/lib/libgstreamer-1.0.so.0" address="0x7f7707662000" size="0x129000" version="0"/>
    <module path="/tmp/.mount_xLightA6Yx7k/usr/lib/libgstreamer-1.0.so.0" address="0x7f770798a000" size="0x6000" version="0"/>
    <module path="/tmp/.mount_xLightA6Yx7k/usr/lib/libgstreamer-1.0.so.0" address="0x7f7707994000" size="0xd000" version="0"/>
    <module path="/tmp/.mount_xLightA6Yx7k/usr/lib/libgstbase-1.0.so.0" address="0x7f7707a04000" size="0x1ff000" version="0"/>
    <module path="/tmp/.mount_xLightA6Yx7k/usr/lib/libgstbase-1.0.so.0" address="0x7f7707c04000" size="0x1000" version="0"/>
    <module path="/tmp/.mount_xLightA6Yx7k/usr/lib/libgstvideo-1.0.so.0" address="0x7f7707c0a000" size="0x80000" version="0"/>
    <module path="/tmp/.mount_xLightA6Yx7k/usr/lib/libgstvideo-1.0.so.0" address="0x7f7707e8a000" size="0x9000" version="0"/>
    <module path="/tmp/.mount_xLightA6Yx7k/usr/lib/libgstvideo-1.0.so.0" address="0x7f7707e95000" size="0x5000" version="0"/>
    <module path="/tmp/.mount_xLightA6Yx7k/usr/lib/libwx_baseu-3.1.so.3" address="0x7f7708109000" size="0x200000" version="3"/>
    <module path="/tmp/.mount_xLightA6Yx7k/usr/lib/libwx_baseu-3.1.so.3" address="0x7f7708314000" size="0x4000" version="3"/>
    <module path="/tmp/.mount_xLightA6Yx7k/usr/lib/libwx_baseu-3.1.so.3" address="0x7f770831e000" size="0x21000" version="3"/>
    <module path="/tmp/.mount_xLightA6Yx7k/usr/lib/libwx_baseu_net-3.1.so.3" address="0x7f7708386000" size="0x1ff000" version="3"/>
    <module path="/tmp/.mount_xLightA6Yx7k/usr/lib/libwx_baseu_net-3.1.so.3" address="0x7f7708587000" size="0x1000" version="3"/>
    <module path="/tmp/.mount_xLightA6Yx7k/usr/lib/libwx_baseu_net-3.1.so.3" address="0x7f7708589000" size="0x6000" version="3"/>
    <module path="/tmp/.mount_xLightA6Yx7k/usr/lib/libwx_baseu_xml-3.1.so.3" address="0x7f770859f000" size="0x200000" version="3"/>
    <module path="/tmp/.mount_xLightA6Yx7k/usr/lib/libwx_baseu_xml-3.1.so.3" address="0x7f77087a0000" size="0x1000" version="3"/>
    <module path="/tmp/.mount_xLightA6Yx7k/usr/lib/libwx_gtk3u_core-3.1.so.3" address="0x7f77087a3000" size="0x7d3000" version="3"/>
    <module path="/tmp/.mount_xLightA6Yx7k/usr/lib/libwx_gtk3u_core-3.1.so.3" address="0x7f7709176000" size="0x93000" version="3"/>
    <module path="/tmp/.mount_xLightA6Yx7k/usr/lib/libwx_gtk3u_core-3.1.so.3" address="0x7f7709223000" size="0x7c000" version="3"/>
    <module path="/tmp/.mount_xLightA6Yx7k/usr/lib/libwx_gtk3u_qa-3.1.so.3" address="0x7f77092cc000" size="0x1ff000" version="3"/>
    <module path="/tmp/.mount_xLightA6Yx7k/usr/lib/libwx_gtk3u_qa-3.1.so.3" address="0x7f77094ce000" size="0x1000" version="3"/>
    <module path="/tmp/.mount_xLightA6Yx7k/usr/lib/libwx_gtk3u_html-3.1.so.3" address="0x7f77094d4000" size="0xc6000" version="3"/>
    <module path="/tmp/.mount_xLightA6Yx7k/usr/lib/libwx_gtk3u_html-3.1.so.3" address="0x7f770979a000" size="0xb000" version="3"/>
    <module path="/tmp/.mount_xLightA6Yx7k/usr/lib/libwx_gtk3u_html-3.1.so.3" address="0x7f77097a9000" size="0x10000" version="3"/>
    <module path="/tmp/.mount_xLightA6Yx7k/usr/lib/libwx_gtk3u_xrc-3.1.so.3" address="0x7f7709920000" size="0x200000" version="3"/>
    <module path="/tmp/.mount_xLightA6Yx7k/usr/lib/libwx_gtk3u_xrc-3.1.so.3" address="0x7f7709b2b000" size="0x2000" version="3"/>
    <module path="/tmp/.mount_xLightA6Yx7k/usr/lib/libwx_gtk3u_xrc-3.1.so.3" address="0x7f7709b30000" size="0x14000" version="3"/>
    <module path="/tmp/.mount_xLightA6Yx7k/usr/lib/libwx_gtk3u_propgrid-3.1.so.3" address="0x7f7709c34000" size="0x1ff000" version="3"/>
    <module path="/tmp/.mount_xLightA6Yx7k/usr/lib/libwx_gtk3u_propgrid-3.1.so.3" address="0x7f7709e41000" size="0x2000" version="3"/>
    <module path="/tmp/.mount_xLightA6Yx7k/usr/lib/libwx_gtk3u_propgrid-3.1.so.3" address="0x7f7709e45000" size="0x1a000" version="3"/>
    <module path="/tmp/.mount_xLightA6Yx7k/usr/lib/libwx_gtk3u_aui-3.1.so.3" address="0x7f7709ef9000" size="0x200000" version="3"/>
    <module path="/tmp/.mount_xLightA6Yx7k/usr/lib/libwx_gtk3u_aui-3.1.so.3" address="0x7f770a101000" size="0x1000" version="3"/>
    <module path="/tmp/.mount_xLightA6Yx7k/usr/lib/libwx_gtk3u_aui-3.1.so.3" address="0x7f770a104000" size="0xd000" version="3"/>
    <module path="/tmp/.mount_xLightA6Yx7k/usr/lib/libwx_gtk3u_gl-3.1.so.3" address="0x7f770a128000" size="0x200000" version="3"/>
    <module path="/tmp/.mount_xLightA6Yx7k/usr/lib/libwx_gtk3u_gl-3.1.so.3" address="0x7f770a32a000" size="0x1000" version="3"/>
    <module path="/tmp/.mount_xLightA6Yx7k/usr/lib/libwx_gtk3u_media-3.1.so.3" address="0x7f770a330000" size="0x1e000" version="3"/>
    <module path="/tmp/.mount_xLightA6Yx7k/usr/lib/libwx_gtk3u_media-3.1.so.3" address="0x7f770a54d000" size="0x2000" version="3"/>
    <module path="/tmp/.mount_xLightA6Yx7k/usr/lib/libwx_gtk3u_media-3.1.so.3" address="0x7f770a550000" size="0x5000" version="3"/>
    <module path="/tmp/.mount_xLightA6Yx7k/usr/lib/libSDL2-2.0.so.0" address="0x7f770a664000" size="0x1ff000" version="0"/>
    <module path="/tmp/.mount_xLightA6Yx7k/usr/lib/libSDL2-2.0.so.0" address="0x7f770a869000" size="0x5000" version="0"/>
    <module path="/tmp/.mount_xLightA6Yx7k/usr/lib/libSDL2-2.0.so.0" address="0x7f770a871000" size="0x5000" version="0"/>
    <module path="/tmp/.mount_xLightA6Yx7k/usr/lib/liblog4cpp.so.5" address="0x7f770a91e000" size="0x1ff000" version="5"/>
    <module path="/tmp/.mount_xLightA6Yx7k/usr/lib/liblog4cpp.so.5" address="0x7f770ab1f000" size="0x4000" version="5"/>
    <module path="/tmp/.mount_xLightA6Yx7k/usr/lib/libswscale.so.4" address="0x7f770ab5f000" size="0x87000" version="4"/>
    <module path="/tmp/.mount_xLightA6Yx7k/usr/lib/libswscale.so.4" address="0x7f770ade6000" size="0x1000" version="4"/>
    <module path="/tmp/.mount_xLightA6Yx7k/usr/lib/libswscale.so.4" address="0x7f770adf0000" size="0x1000" version="4"/>
    <module path="/tmp/.mount_xLightA6Yx7k/usr/lib/libswresample.so.2" address="0x7f770ae0d000" size="0x200000" version="2"/>
    <module path="/tmp/.mount_xLightA6Yx7k/usr/lib/libswresample.so.2" address="0x7f770b00f000" size="0x1000" version="2"/>
    <module path="/tmp/.mount_xLightA6Yx7k/usr/lib/libavutil.so.55" address="0x7f770b011000" size="0x5e000" version="55"/>
    <module path="/tmp/.mount_xLightA6Yx7k/usr/lib/libavutil.so.55" address="0x7f770b26f000" size="0x11000" version="55"/>
    <module path="/tmp/.mount_xLightA6Yx7k/usr/lib/libavutil.so.55" address="0x7f770b294000" size="0x3000" version="55"/>
    <module path="/tmp/.mount_xLightA6Yx7k/usr/lib/libavcodec.so.57" address="0x7f770becc000" size="0x200000" version="57"/>
    <module path="/tmp/.mount_xLightA6Yx7k/usr/lib/libavcodec.so.57" address="0x7f770c103000" size="0x2a000" version="57"/>
    <module path="/tmp/.mount_xLightA6Yx7k/usr/lib/libavcodec.so.57" address="0x7f770c86c000" size="0x5000" version="57"/>
    <module path="/tmp/.mount_xLightA6Yx7k/usr/lib/libavformat.so.57" address="0x7f770ca7e000" size="0x1ff000" version="57"/>
    <module path="/tmp/.mount_xLightA6Yx7k/usr/lib/libavformat.so.57" address="0x7f770cc95000" size="0x17000" version="57"/>
    <module path="/tmp/.mount_xLightA6Yx7k/usr/lib/libcurl.so.4" address="0x7f770ccb0000" size="0x7d000" version="4"/>
    <module path="/tmp/.mount_xLightA6Yx7k/usr/lib/libcurl.so.4" address="0x7f770cf2c000" size="0x3000" version="4"/>
    <module path="/tmp/.mount_xLightA6Yx7k/usr/lib/libcurl.so.4" address="0x7f770cf30000" size="0x3000" version="4"/>
    <module path="/usr/lib/x86_64-linux-gnu/libX11.so.6.3.0" address="0x7f770d066000" size="0x200000" version="6.3.0"/>
    <module path="/usr/lib/x86_64-linux-gnu/libX11.so.6.3.0" address="0x7f770d267000" size="0x4000" version="6.3.0"/>
    <module path="/lib/x86_64-linux-gnu/libdl-2.27.so" address="0x7f770d26e000" size="0x1ff000" version="2.27"/>
    <module path="/lib/x86_64-linux-gnu/libdl-2.27.so" address="0x7f770d46e000" size="0x1000" version="2.27"/>
    <module path="/tmp/.mount_xLightA6Yx7k/usr/lib/libglut.so.3" address="0x7f770d4b1000" size="0x1ff000" version="3"/>
    <module path="/tmp/.mount_xLightA6Yx7k/usr/lib/libglut.so.3" address="0x7f770d6b4000" size="0x5000" version="3"/>
    <module path="/tmp/.mount_xLightA6Yx7k/usr/lib/libGLU.so.1" address="0x7f770d6bb000" size="0x6d000" version="1"/>
    <module path="/tmp/.mount_xLightA6Yx7k/usr/lib/libGLU.so.1" address="0x7f770d928000" size="0x1000" version="1"/>
    <module path="/tmp/.mount_xLightA6Yx7k/usr/lib/libGLU.so.1" address="0x7f770d92a000" size="0x1000" version="1"/>
    <module path="/usr/lib/x86_64-linux-gnu/libGL.so.1.0.0" address="0x7f770d99c000" size="0x1ff000" version="1.0.0"/>
    <module path="/usr/lib/x86_64-linux-gnu/libGL.so.1.0.0" address="0x7f770dbb5000" size="0x1000" version="1.0.0"/>
    <module path="/lib/x86_64-linux-gnu/ld-2.27.so" address="0x7f770dbb7000" size="0x27000" version="2.27"/>
    <module path="/var/cache/fontconfig/4794a0821666d79190d59a36cb4f44b5-le64.cache-7" address="0x7f770dbe0000" size="0x1000"/>
    <module path="/var/cache/fontconfig/c57959a16110560c8d0fcea73374aeeb-le64.cache-7" address="0x7f770dbe6000" size="0x4000"/>
    <module path="/var/cache/fontconfig/f6d4eedfaab2589bde49f7a3ff831d22-le64.cache-7" address="0x7f770dbeb000" size="0x1000"/>
    <module path="/var/cache/fontconfig/bab58bb527bb656aaa9f116d68a48d89-le64.cache-7" address="0x7f770dbed000" size="0x1000"/>
    <module path="/var/cache/fontconfig/c5c45a61289222e0d30b1a26ef4effbe-le64.cache-7" address="0x7f770dbef000" size="0x1000"/>
    <module path="/var/cache/fontconfig/3f589640d34b7dc9042c8d453f7c8b9c-le64.cache-7" address="0x7f770dbf1000" size="0x1000"/>
    <module path="/var/cache/fontconfig/a48eab177a16e4f3713381162db2f3e9-le64.cache-7" address="0x7f770dbf3000" size="0x1000"/>
    <module path="/var/cache/fontconfig/d52a8644073d54c13679302ca1180695-le64.cache-7" address="0x7f770dbf9000" size="0x13000"/>
    <module path="/var/cache/fontconfig/564b2e68ac9bc4e36a6f7f6d6125ec1c-le64.cache-7" address="0x7f770dc36000" size="0x1000"/>
    <module path="/var/cache/fontconfig/56cf4f4769d0f4abc89a4895d7bd3ae1-le64.cache-7" address="0x7f770dc3d000" size="0x1000"/>
    <module path="/var/cache/fontconfig/b47c4e1ecd0709278f4910c18777a504-le64.cache-7" address="0x7f770dc3f000" size="0x6000"/>
    <module path="/var/cache/fontconfig/9b89f8e3dae116d678bbf48e5f21f69b-le64.cache-7" address="0x7f770dc51000" size="0xf000"/>
    <module path="/var/cache/fontconfig/370e5b74bf5dafc30834de68e24a87a4-le64.cache-7" address="0x7f770dc79000" size="0x1000"/>
    <module path="/var/cache/fontconfig/d5178ab6d91b49bf20a416737dcea9e8-le64.cache-7" address="0x7f770dc7b000" size="0x1000"/>
    <module path="/var/cache/fontconfig/550f3886151c940c12a5ed35f6a00586-le64.cache-7" address="0x7f770dc7f000" size="0x2000"/>
    <module path="/tmp/.mount_xLightA6Yx7k/usr/lib/libsystemd.so.0" address="0x7f770dcdc000" size="0x84000" version="0"/>
    <module path="/tmp/.mount_xLightA6Yx7k/usr/lib/libsystemd.so.0" address="0x7f770dd61000" size="0x3000" version="0"/>
    <module path="/tmp/.mount_xLightA6Yx7k/usr/lib/libsystemd.so.0" address="0x7f770dd66000" size="0x4000" version="0"/>
    <module path="/var/cache/fontconfig/551ecf3b0e8b0bca0f25c0944f561853-le64.cache-7" address="0x7f770dda8000" size="0x1000"/>
    <module path="/var/cache/fontconfig/3f7329c5293ffd510edef78f73874cfd-le64.cache-7" address="0x7f770ddac000" size="0x1000"/>
    <module path="/var/cache/fontconfig/0c9eb80ebd1c36541ebe2852d3bb0c49-le64.cache-7" address="0x7f770ddae000" size="0x1000"/>
    <module path="/var/cache/fontconfig/85e0a52ce643a7ba2ae53e5d6949cead-le64.cache-7" address="0x7f770ddb0000" size="0x1000"/>
    <module path="/var/cache/fontconfig/f6e6e0a5c3d2f6ae0c0c2e0ecd42a997-le64.cache-7" address="0x7f770ddb2000" size="0x1000"/>
    <module path="/var/cache/fontconfig/6afa1bb216ce958c1589e297e8008489-le64.cache-7" address="0x7f770ddbc000" size="0x2000"/>
    <module path="/var/cache/fontconfig/7ef2298fde41cc6eeb7af42e48b7d293-le64.cache-7" address="0x7f770ddc1000" size="0x4000"/>
    <module path="/usr/lib/x86_64-linux-gnu/gconv/gconv-modules.cache" address="0x7f770ddd7000" size="0x7000"/>
    <module path="/lib/x86_64-linux-gnu/ld-2.27.so" address="0x7f770dddf000" size="0x1000" version="2.27"/>
    <module path="[stack]" address="0x7fff4c8ea000" size="0x51000"/>
    <module path="[vdso]" address="0x7fff4c9bf000" size="0x2000"/>
  </modules>
  <stack>
    <frame level="0" function="handleCrash(void*)" offset="0x140" address="0x564e0aa98f50" module="/home/techplex/Documents/xLights-2020.19-x86_64.AppImage"/>
    <frame level="1" offset="0x1b9d3c" address="0x7f7708053d3c" module="/tmp/.mount_xLightA6Yx7k/usr/bin/../lib/libwx_baseu-3.1.so.3"/>
    <frame level="2" offset="0x12890" address="0x7f7705ed6890" module="/lib/x86_64-linux-gnu/libpthread.so.0"/>
    <frame level="3" function="FileConverter::WriteFalconPiFile(ConvertParameters&amp;)" offset="0x42d" address="0x564e0af153ed" module="/home/techplex/Documents/xLights-2020.19-x86_64.AppImage"/>
    <frame level="4" function="SeqSettingsDialog::ImportDataLayer(wxString const&amp;, ConvertLogDialog*)" offset="0xbc4" address="0x564e0ad62cb4" module="/home/techplex/Documents/xLights-2020.19-x86_64.AppImage"/>
    <frame level="5" function="SeqSettingsDialog::OnBitmapButton_lorClick(wxCommandEvent&amp;)" offset="0x60" address="0x564e0ad63660" module="/home/techplex/Documents/xLights-2020.19-x86_64.AppImage"/>
    <frame level="6" function="wxAppConsoleBase::CallEventHandler(wxEvtHandler*, wxEventFunctor&amp;, wxEvent&amp;) const" offset="0x3e" address="0x7f7707f06b3e" module="/tmp/.mount_xLightA6Yx7k/usr/bin/../lib/libwx_baseu-3.1.so.3"/>
    <frame level="7" function="wxEvtHandler::ProcessEventIfMatchesId(wxEventTableEntryBase const&amp;, wxEvtHandler*, wxEvent&amp;)" offset="0x55" address="0x7f770807e205" module="/tmp/.mount_xLightA6Yx7k/usr/bin/../lib/libwx_baseu-3.1.so.3"/>
    <frame level="8" function="wxEvtHandler::SearchDynamicEventTable(wxEvent&amp;)" offset="0x122" address="0x7f770807ee72" module="/tmp/.mount_xLightA6Yx7k/usr/bin/../lib/libwx_baseu-3.1.so.3"/>
    <frame level="9" function="wxEvtHandler::TryHereOnly(wxEvent&amp;)" offset="0x1f" address="0x7f770807f1ff" module="/tmp/.mount_xLightA6Yx7k/usr/bin/../lib/libwx_baseu-3.1.so.3"/>
    <frame level="10" function="wxEvtHandler::ProcessEventLocally(wxEvent&amp;)" offset="0x2a" address="0x7f770807f2aa" module="/tmp/.mount_xLightA6Yx7k/usr/bin/../lib/libwx_baseu-3.1.so.3"/>
    <frame level="11" function="wxEvtHandler::ProcessEvent(wxEvent&amp;)" offset="0x45" address="0x7f770807f335" module="/tmp/.mount_xLightA6Yx7k/usr/bin/../lib/libwx_baseu-3.1.so.3"/>
    <frame level="12" function="wxWindowBase::TryAfter(wxEvent&amp;)" offset="0x5b" address="0x7f7708ce460b" module="/tmp/.mount_xLightA6Yx7k/usr/bin/../lib/libwx_gtk3u_core-3.1.so.3"/>
    <frame level="13" function="wxWindowBase::TryAfter(wxEvent&amp;)" offset="0x5b" address="0x7f7708ce460b" module="/tmp/.mount_xLightA6Yx7k/usr/bin/../lib/libwx_gtk3u_core-3.1.so.3"/>
    <frame level="14" function="wxWindowBase::TryAfter(wxEvent&amp;)" offset="0x5b" address="0x7f7708ce460b" module="/tmp/.mount_xLightA6Yx7k/usr/bin/../lib/libwx_gtk3u_core-3.1.so.3"/>
    <frame level="15" function="wxEvtHandler::SafelyProcessEvent(wxEvent&amp;)" offset="0x7" address="0x7f7708080367" module="/tmp/.mount_xLightA6Yx7k/usr/bin/../lib/libwx_baseu-3.1.so.3"/>
    <frame level="16" offset="0x390873" address="0x7f7708b33873" module="/tmp/.mount_xLightA6Yx7k/usr/bin/../lib/libwx_gtk3u_core-3.1.so.3"/>
    <frame level="17" offset="0x10346" address="0x7f770741e346" module="/usr/lib/x86_64-linux-gnu/libgobject-2.0.so.0"/>
    <frame level="18" function="g_signal_emit_valist" offset="0xd5f" address="0x7f77074399ff" module="/usr/lib/x86_64-linux-gnu/libgobject-2.0.so.0"/>
    <frame level="19" function="g_signal_emit" offset="0x8f" address="0x7f770743a12f" module="/usr/lib/x86_64-linux-gnu/libgobject-2.0.so.0"/>
    <frame level="20" offset="0x12cd7d" address="0x7f76fab84d7d" module="/tmp/.mount_xLightA6Yx7k/usr/bin/../lib/libgtk-3.so.0"/>
    <frame level="21" offset="0x12cde5" address="0x7f76fab84de5" module="/tmp/.mount_xLightA6Yx7k/usr/bin/../lib/libgtk-3.so.0"/>
    <frame level="22" offset="0x10346" address="0x7f770741e346" module="/usr/lib/x86_64-linux-gnu/libgobject-2.0.so.0"/>
    <frame level="23" function="g_signal_emit_valist" offset="0xd5f" address="0x7f77074399ff" module="/usr/lib/x86_64-linux-gnu/libgobject-2.0.so.0"/>
    <frame level="24" function="g_signal_emit" offset="0x8f" address="0x7f770743a12f" module="/usr/lib/x86_64-linux-gnu/libgobject-2.0.so.0"/>
    <frame level="25" offset="0x12b1e0" address="0x7f76fab831e0" module="/tmp/.mount_xLightA6Yx7k/usr/bin/../lib/libgtk-3.so.0"/>
    <frame level="26" function="ffi_call_unix64" offset="0x4c" address="0x7f76f800fdae" module="/usr/lib/x86_64-linux-gnu/libffi.so.6"/>
    <frame level="27" function="ffi_call" offset="0x22f" address="0x7f76f800f71f" module="/usr/lib/x86_64-linux-gnu/libffi.so.6"/>
    <frame level="28" function="g_cclosure_marshal_generic_va" offset="0x28d" address="0x7f770741eced" module="/usr/lib/x86_64-linux-gnu/libgobject-2.0.so.0"/>
    <frame level="29" offset="0x10346" address="0x7f770741e346" module="/usr/lib/x86_64-linux-gnu/libgobject-2.0.so.0"/>
    <frame level="30" function="g_signal_emit_valist" offset="0xd5f" address="0x7f77074399ff" module="/usr/lib/x86_64-linux-gnu/libgobject-2.0.so.0"/>
    <frame level="31" function="g_signal_emit" offset="0x8f" address="0x7f770743a12f" module="/usr/lib/x86_64-linux-gnu/libgobject-2.0.so.0"/>
    <frame level="32" offset="0x1e6b71" address="0x7f76fac3eb71" module="/tmp/.mount_xLightA6Yx7k/usr/bin/../lib/libgtk-3.so.0"/>
    <frame level="33" function="g_cclosure_marshal_VOID__BOXEDv" offset="0x88" address="0x7f7707421008" module="/usr/lib/x86_64-linux-gnu/libgobject-2.0.so.0"/>
    <frame level="34" offset="0x10346" address="0x7f770741e346" module="/usr/lib/x86_64-linux-gnu/libgobject-2.0.so.0"/>
    <frame level="35" function="g_signal_emit_valist" offset="0xd5f" address="0x7f77074399ff" module="/usr/lib/x86_64-linux-gnu/libgobject-2.0.so.0"/>
    <frame level="36" function="g_signal_emit" offset="0x8f" address="0x7f770743a12f" module="/usr/lib/x86_64-linux-gnu/libgobject-2.0.so.0"/>
    <frame level="37" offset="0x1e3e3e" address="0x7f76fac3be3e" module="/tmp/.mount_xLightA6Yx7k/usr/bin/../lib/libgtk-3.so.0"/>
    <frame level="38" offset="0x1e546b" address="0x7f76fac3d46b" module="/tmp/.mount_xLightA6Yx7k/usr/bin/../lib/libgtk-3.so.0"/>
    <frame level="39" offset="0x1e80ed" address="0x7f76fac400ed" module="/tmp/.mount_xLightA6Yx7k/usr/bin/../lib/libgtk-3.so.0"/>
    <frame level="40" function="gtk_event_controller_handle_event" offset="0x9e" address="0x7f76fac0d55e" module="/tmp/.mount_xLightA6Yx7k/usr/bin/../lib/libgtk-3.so.0"/>
    <frame level="41" offset="0x37a2db" address="0x7f76fadd22db" module="/tmp/.mount_xLightA6Yx7k/usr/bin/../lib/libgtk-3.so.0"/>
    <frame level="42" offset="0x22faac" address="0x7f76fac87aac" module="/tmp/.mount_xLightA6Yx7k/usr/bin/../lib/libgtk-3.so.0"/>
    <frame level="43" function="g_closure_invoke" offset="0xb1" address="0x7f770741e021" module="/usr/lib/x86_64-linux-gnu/libgobject-2.0.so.0"/>
    <frame level="44" offset="0x22de8" address="0x7f7707430de8" module="/usr/lib/x86_64-linux-gnu/libgobject-2.0.so.0"/>
    <frame level="45" function="g_signal_emit_valist" offset="0x40f" address="0x7f77074390af" module="/usr/lib/x86_64-linux-gnu/libgobject-2.0.so.0"/>
    <frame level="46" function="g_signal_emit" offset="0x8f" address="0x7f770743a12f" module="/usr/lib/x86_64-linux-gnu/libgobject-2.0.so.0"/>
    <frame level="47" offset="0x37c57c" address="0x7f76fadd457c" module="/tmp/.mount_xLightA6Yx7k/usr/bin/../lib/libgtk-3.so.0"/>
    <frame level="48" offset="0x22cb2e" address="0x7f76fac84b2e" module="/tmp/.mount_xLightA6Yx7k/usr/bin/../lib/libgtk-3.so.0"/>
    <frame level="49" function="gtk_main_do_event" offset="0x79e" address="0x7f76fac86bee" module="/tmp/.mount_xLightA6Yx7k/usr/bin/../lib/libgtk-3.so.0"/>
    <frame level="50" offset="0x36e15" address="0x7f76fa78de15" module="/tmp/.mount_xLightA6Yx7k/usr/bin/../lib/libgdk-3.so.0"/>
    <frame level="51" offset="0x67ea2" address="0x7f76fa7beea2" module="/tmp/.mount_xLightA6Yx7k/usr/bin/../lib/libgdk-3.so.0"/>
    <frame level="52" function="g_main_context_dispatch" offset="0x2e7" address="0x7f7707143417" module="/usr/lib/x86_64-linux-gnu/libglib-2.0.so.0"/>
    <frame level="53" offset="0x4c650" address="0x7f7707143650" module="/usr/lib/x86_64-linux-gnu/libglib-2.0.so.0"/>
    <frame level="54" function="g_main_loop_run" offset="0xc2" address="0x7f7707143962" module="/usr/lib/x86_64-linux-gnu/libglib-2.0.so.0"/>
    <frame level="55" function="gtk_main" offset="0x85" address="0x7f76fac85d55" module="/tmp/.mount_xLightA6Yx7k/usr/bin/../lib/libgtk-3.so.0"/>
    <frame level="56" function="wxGUIEventLoop::DoRun()" offset="0x25" address="0x7f7708ad1a95" module="/tmp/.mount_xLightA6Yx7k/usr/bin/../lib/libwx_gtk3u_core-3.1.so.3"/>
    <frame level="57" function="wxEventLoopBase::Run()" offset="0x83" address="0x7f7707f44c53" module="/tmp/.mount_xLightA6Yx7k/usr/bin/../lib/libwx_baseu-3.1.so.3"/>
    <frame level="58" function="wxDialog::ShowModal()" offset="0x1d0" address="0x7f7708b40550" module="/tmp/.mount_xLightA6Yx7k/usr/bin/../lib/libwx_gtk3u_core-3.1.so.3"/>
    <frame level="59" function="xLightsFrame::NewSequence()" offset="0x1c6" address="0x564e0ad2f5d6" module="/home/techplex/Documents/xLights-2020.19-x86_64.AppImage"/>
    <frame level="60" function="xLightsFrame::OnButtonNewSequenceClick(wxCommandEvent&amp;)" offset="0x9" address="0x564e0b1b9d09" module="/home/techplex/Documents/xLights-2020.19-x86_64.AppImage"/>
    <frame level="61" function="wxAppConsoleBase::CallEventHandler(wxEvtHandler*, wxEventFunctor&amp;, wxEvent&amp;) const" offset="0x3e" address="0x7f7707f06b3e" module="/tmp/.mount_xLightA6Yx7k/usr/bin/../lib/libwx_baseu-3.1.so.3"/>
    <frame level="62" function="wxEvtHandler::ProcessEventIfMatchesId(wxEventTableEntryBase const&amp;, wxEvtHandler*, wxEvent&amp;)" offset="0x55" address="0x7f770807e205" module="/tmp/.mount_xLightA6Yx7k/usr/bin/../lib/libwx_baseu-3.1.so.3"/>
    <frame level="63" function="wxEvtHandler::SearchDynamicEventTable(wxEvent&amp;)" offset="0x122" address="0x7f770807ee72" module="/tmp/.mount_xLightA6Yx7k/usr/bin/../lib/libwx_baseu-3.1.so.3"/>
    <frame level="64" function="wxEvtHandler::TryHereOnly(wxEvent&amp;)" offset="0x1f" address="0x7f770807f1ff" module="/tmp/.mount_xLightA6Yx7k/usr/bin/../lib/libwx_baseu-3.1.so.3"/>
    <frame level="65" function="wxEvtHandler::DoTryChain(wxEvent&amp;)" offset="0x43" address="0x7f770807e3a3" module="/tmp/.mount_xLightA6Yx7k/usr/bin/../lib/libwx_baseu-3.1.so.3"/>
    <frame level="66" function="wxEvtHandler::ProcessEvent(wxEvent&amp;)" offset="0x45" address="0x7f770807f335" module="/tmp/.mount_xLightA6Yx7k/usr/bin/../lib/libwx_baseu-3.1.so.3"/>
    <frame level="67" function="wxWindowBase::TryAfter(wxEvent&amp;)" offset="0x5b" address="0x7f7708ce460b" module="/tmp/.mount_xLightA6Yx7k/usr/bin/../lib/libwx_gtk3u_core-3.1.so.3"/>
    <frame level="68" function="wxEvtHandler::SafelyProcessEvent(wxEvent&amp;)" offset="0x7" address="0x7f7708080367" module="/tmp/.mount_xLightA6Yx7k/usr/bin/../lib/libwx_baseu-3.1.so.3"/>
    <frame level="69" function="wxMenuBase::DoProcessEvent(wxMenuBase*, wxEvent&amp;, wxWindow*)" offset="0x90" address="0x7f7708c84340" module="/tmp/.mount_xLightA6Yx7k/usr/bin/../lib/libwx_gtk3u_core-3.1.so.3"/>
    <frame level="70" function="wxMenuBase::SendEvent(int, int)" offset="0xb5" address="0x7f7708c84585" module="/tmp/.mount_xLightA6Yx7k/usr/bin/../lib/libwx_gtk3u_core-3.1.so.3"/>
    <frame level="71" offset="0x3b729b" address="0x7f7708b5a29b" module="/tmp/.mount_xLightA6Yx7k/usr/bin/../lib/libwx_gtk3u_core-3.1.so.3"/>
    <frame level="72" function="g_closure_invoke" offset="0x19d" address="0x7f770741e10d" module="/usr/lib/x86_64-linux-gnu/libgobject-2.0.so.0"/>
    <frame level="73" offset="0x2305e" address="0x7f770743105e" module="/usr/lib/x86_64-linux-gnu/libgobject-2.0.so.0"/>
    <frame level="74" function="g_signal_emit_valist" offset="0xa75" address="0x7f7707439715" module="/usr/lib/x86_64-linux-gnu/libgobject-2.0.so.0"/>
    <frame level="75" function="g_signal_emit" offset="0x8f" address="0x7f770743a12f" module="/usr/lib/x86_64-linux-gnu/libgobject-2.0.so.0"/>
    <frame level="76" function="gtk_widget_activate" offset="0x6e" address="0x7f76fadd6a7e" module="/tmp/.mount_xLightA6Yx7k/usr/bin/../lib/libgtk-3.so.0"/>
    <frame level="77" function="gtk_menu_shell_activate_item" offset="0x106" address="0x7f76faca48a6" module="/tmp/.mount_xLightA6Yx7k/usr/bin/../lib/libgtk-3.so.0"/>
    <frame level="78" offset="0x24cbdb" address="0x7f76faca4bdb" module="/tmp/.mount_xLightA6Yx7k/usr/bin/../lib/libgtk-3.so.0"/>
    <frame level="79" offset="0x22fba1" address="0x7f76fac87ba1" module="/tmp/.mount_xLightA6Yx7k/usr/bin/../lib/libgtk-3.so.0"/>
    <frame level="80" offset="0x10346" address="0x7f770741e346" module="/usr/lib/x86_64-linux-gnu/libgobject-2.0.so.0"/>
    <frame level="81" function="g_signal_emit_valist" offset="0x72d" address="0x7f77074393cd" module="/usr/lib/x86_64-linux-gnu/libgobject-2.0.so.0"/>
    <frame level="82" function="g_signal_emit" offset="0x8f" address="0x7f770743a12f" module="/usr/lib/x86_64-linux-gnu/libgobject-2.0.so.0"/>
    <frame level="83" offset="0x37c57c" address="0x7f76fadd457c" module="/tmp/.mount_xLightA6Yx7k/usr/bin/../lib/libgtk-3.so.0"/>
    <frame level="84" offset="0x22cb2e" address="0x7f76fac84b2e" module="/tmp/.mount_xLightA6Yx7k/usr/bin/../lib/libgtk-3.so.0"/>
    <frame level="85" function="gtk_main_do_event" offset="0x79e" address="0x7f76fac86bee" module="/tmp/.mount_xLightA6Yx7k/usr/bin/../lib/libgtk-3.so.0"/>
    <frame level="86" offset="0x36e15" address="0x7f76fa78de15" module="/tmp/.mount_xLightA6Yx7k/usr/bin/../lib/libgdk-3.so.0"/>
    <frame level="87" offset="0x67ea2" address="0x7f76fa7beea2" module="/tmp/.mount_xLightA6Yx7k/usr/bin/../lib/libgdk-3.so.0"/>
    <frame level="88" function="g_main_context_dispatch" offset="0x2e7" address="0x7f7707143417" module="/usr/lib/x86_64-linux-gnu/libglib-2.0.so.0"/>
    <frame level="89" offset="0x4c650" address="0x7f7707143650" module="/usr/lib/x86_64-linux-gnu/libglib-2.0.so.0"/>
    <frame level="90" function="g_main_loop_run" offset="0xc2" address="0x7f7707143962" module="/usr/lib/x86_64-linux-gnu/libglib-2.0.so.0"/>
    <frame level="91" function="gtk_main" offset="0x85" address="0x7f76fac85d55" module="/tmp/.mount_xLightA6Yx7k/usr/bin/../lib/libgtk-3.so.0"/>
    <frame level="92" function="wxGUIEventLoop::DoRun()" offset="0x25" address="0x7f7708ad1a95" module="/tmp/.mount_xLightA6Yx7k/usr/bin/../lib/libwx_gtk3u_core-3.1.so.3"/>
    <frame level="93" function="wxEventLoopBase::Run()" offset="0x83" address="0x7f7707f44c53" module="/tmp/.mount_xLightA6Yx7k/usr/bin/../lib/libwx_baseu-3.1.so.3"/>
    <frame level="94" function="wxAppConsoleBase::MainLoop()" offset="0x56" address="0x7f7707f0dbf6" module="/tmp/.mount_xLightA6Yx7k/usr/bin/../lib/libwx_baseu-3.1.so.3"/>
    <frame level="95" function="wxEntry(int&amp;, wchar_t**)" offset="0x70" address="0x7f7707f94e00" module="/tmp/.mount_xLightA6Yx7k/usr/bin/../lib/libwx_baseu-3.1.so.3"/>
    <frame level="96" function="main" offset="0xa4" address="0x564e0a6c4c94" module="/home/techplex/Documents/xLights-2020.19-x86_64.AppImage"/>
    <frame level="97" function="__libc_start_main" offset="0xe7" address="0x7f7705af4b97" module="/lib/x86_64-linux-gnu/libc.so.6"/>
    <frame level="98" function="_start" offset="0x2a" address="0x564e0a701f6a" module="/home/techplex/Documents/xLights-2020.19-x86_64.AppImage"/>
  </stack>
</report>
